Images,Text
P1116.jpg,Dexter
P1117.jpg,Clavusef sw
P1118.jpg,m-lucas 10
P1119.jpg,Dophyllin
P1120.jpg,Delfian
P1121.jpg,uliv
P1122.jpg,Clacef
P1123.jpg,Paloxi
P1124.jpg,Dominos
P1125.jpg,m-lucas 10
P1126.jpg,Dexter 60
P1127.jpg,uliv 150
P1128.jpg,Paloxi
P1129.jpg,hulilax 24
P1130.jpg,Dexter
P1131.jpg,Escilex
P1132.jpg,Neemoxew
P1133.jpg,Melhomofsw
P1134.jpg,hallornl Dx
P1135.jpg,Don A
P1136.jpg,frframf 40
P1137.jpg,Cefofi Plus Sw
P1138.jpg,Omastin
P1139.jpg,Dexter
P1140.jpg,Asynta max
P1141.jpg,Deixil
P1142.jpg,vigfimef
P1143.jpg,Emlidus
P1144.jpg,noswua
P1145.jpg,Nuhw
P1146.jpg,Neurolin
P1147.jpg,Newoxew
P1148.jpg,Dexter
P1149.jpg,Tesfro max
P1150.jpg,Cildnp
P1151.jpg,noswvc
P1152.jpg,Dexter
P1153.jpg,Deixil
P1154.jpg,neelufh
P1155.jpg,Biscor
P1156.jpg,Natumef
P1157.jpg,Neumig
P1158.jpg,Kalcoral
P1159.jpg,Dexter
P1160.jpg,Eslilex
P1161.jpg,uriset
P1162.jpg,xinc B
P1163.jpg,Zymet Pro
P1164.jpg,Arth-A Max
P1165.jpg,Wiflex
P1166.jpg,vigfimet
P1167.jpg,Glymfa
P1168.jpg,Nufvw
P1169.jpg,Dexter
P1170.jpg,Deixl
P1171.jpg,vildamet
P1172.jpg,Glymfa
P1173.jpg,feeviu
P1174.jpg,Delfnj
P1175.jpg,Neuvoxew
P1176.jpg,halconf
P1177.jpg,Escilex
P1178.jpg,Algin
P1179.jpg,Etorix
P1180.jpg,Wfolil plm
P1181.jpg,m-lucas 10
P1182.jpg,Nufw
P1183.jpg,Nexum
P1184.jpg,Flucloxin
P1185.jpg,Toramex
P1186.jpg,Arlila
P1187.jpg,Dexter
P1188.jpg,Deixil
P1189.jpg,Aislof max
P1190.jpg,Syndopa
P1191.jpg,Eslilex
P1192.jpg,Indiver
P1193.jpg,Monas
P1194.jpg,fevaliv
P1195.jpg,Dexter
P1196.jpg,Clacef
P1197.jpg,m-lucas 10
P1198.jpg,Paloxi
P1199.jpg,Zymet 
P1200.jpg,Dexter
P1201.jpg,Algin
P1202.jpg,Eslilex
P1203.jpg,Glymfa
P1204.jpg,Vidamef
P1205.jpg,Dilalyof
P1206.jpg,Nufw
P1207.jpg,Dexter
P1208.jpg,Eslilex
P1209.jpg,Sperm Core
P1210.jpg,Ubi Core
P1211.jpg,Libidex
P1212.jpg,Endurex
P1213.jpg,Estes
P1214.jpg,E-vit
P1215.jpg,vigorex
P1216.jpg,Telfro max
P1217.jpg,nislofs
P1218.jpg,Norium
P1219.jpg,Deixil
P1220.jpg,Delfraf
P1221.jpg,Peridon
P1222.jpg,neclufe
P1223.jpg,Faropew
P1224.jpg,Napa
P1225.jpg,Paloxi
P1226.jpg,Don A
P1227.jpg,Dexter 60
P1228.jpg,Montene
P1229.jpg,Devoci(uer)
P1230.jpg,ostalal Cex 
P1231.jpg,Maopuotuel
P1232.jpg,Movafllfj
P1233.jpg,ribojovef
P1234.jpg,uliv150
P1235.jpg,Biscor
P1236.jpg,roswva 5
P1237.jpg,Don A
P1238.jpg,xinc
P1239.jpg,Coralcalry
P1240.jpg,Cfe Maxfee
P1241.jpg,Delcalen
P1242.jpg,Cildip
P1243.jpg,m-lucas 10
P1244.jpg,Clavusef 
P1245.jpg,Devixil
P1246.jpg,Dexter
P1247.jpg,Protio
P1248.jpg,Don-A
P1249.jpg,m-lucas 10
P1250.jpg,Dophyllin
P1251.jpg,Reconil
P1252.jpg,Neurolin
P1253.jpg,Dexter.60
P1254.jpg,Cora Dx vitr
P1255.jpg,Suzyme
P1256.jpg,Nulrifil Golf
P1257.jpg,Eslilex 5
P1258.jpg,Dexter 60
P1259.jpg,Algin
P1260.jpg,xyrl 10
P1261.jpg,Comlricid
P1262.jpg,Devixil
P1263.jpg,Dexter
P1264.jpg,Texfro max
P1265.jpg,Biscor
P1266.jpg,m-lucas 10
P1267.jpg,Neuvoxew
P1268.jpg,Mig 2.5
P1269.jpg,Calboral Dx
P1270.jpg,Nafro A plm
P1271.jpg,m-lucas 10
P1272.jpg,Nufw
P1273.jpg,Zymetpro
P1274.jpg,Protio
P1275.jpg,Eslilex 5
P1276.jpg,Tomdolin
P1277.jpg,Neuvoxew
P1278.jpg,mirata
P1279.jpg,Calboral-DX
P1280.jpg,Dexter 60
P1281.jpg,Zymet Pro
P1282.jpg,Algin
P1283.jpg,Gavitfx
P1284.jpg,Don A
P1285.jpg,Nexum
P1286.jpg,Eslilex
P1287.jpg,m-lucas 
P1288.jpg,Dophyllin
P1289.jpg,Fusil Plm
P1290.jpg,Cildip 10
P1291.jpg,Devixil
P1292.jpg,Nufrifil Cold
P1293.jpg,Dexter
P1294.jpg,Calboral
P1295.jpg,Derolon
P1296.jpg,Tab.Aristovif-3
P1297.jpg,Cap.Fusprazo
P1298.jpg,Tab. Naprox
P1299.jpg,Tab.Neuro
P1300.jpg,Tab.calboral
P1301.jpg,Tab. Amitip
P1302.jpg,Tab.Don-A
P1303.jpg,Tab. Naprosyn Plus
P1304.jpg,cap. Esprazo
P1305.jpg,Tab. Beklo
P1306.jpg,Tab. Neuro-B
P1307.jpg,Tab. Calboral
P1308.jpg,Tab. Amitip
P1309.jpg,Tab. Epitra
P1310.jpg,Tab. Deap
P1311.jpg,cap. Folzin
P1312.jpg,Tab. Calboral
P1313.jpg,cap. Dexilend
P1314.jpg,Tab. Algin
P1315.jpg,Tab. Neuro
P1316.jpg,Tab. Geofoenil
P1317.jpg,Tab. Epitra
P1318.jpg,Tab. Menoral
P1319.jpg,Tab. Algin
P1320.jpg,replastw
P1321.jpg,cap. Maxpro
P1322.jpg,Tab. Etorx
P1323.jpg,Tab. Don A
P1324.jpg,xinc B
P1325.jpg,Filwef
P1326.jpg,Greenox
P1327.jpg,Dexter
P1328.jpg,Tab. Calboral
P1329.jpg,Actrafid
P1330.jpg,Calboral Dx
P1331.jpg,Proindof
P1332.jpg,m-lucas
P1333.jpg,Emjard
P1334.jpg,Neurolin
P1335.jpg,Maxrin
P1336.jpg,Xanra
P1337.jpg,Tab. Menoral
P1338.jpg,Tab. Algin
P1339.jpg,replastw
P1340.jpg,cap. Maxpro
P1341.jpg,cap. Flugal
P1342.jpg,Menoral
P1343.jpg,Algin
P1344.jpg,replastw
P1345.jpg,Max Pro
P1346.jpg,Flugal
P1347.jpg,Etorix
P1348.jpg,Don A
P1349.jpg,xinc B
P1350.jpg,Filwef
P1351.jpg,Greenox
P1352.jpg,Dexter
P1353.jpg,Calboral D
P1354.jpg,Actrafid
P1355.jpg,Calboral Dx
P1356.jpg,Prindof
P1357.jpg,Bisoren
P1358.jpg,Enjard
P1359.jpg,Neurolin
P1360.jpg,Neuroxen
P1361.jpg,Xanra
P1362.jpg,Peli. Derolon
P1363.jpg,Tab. Arislovit-B
P1364.jpg,cap. Fzsprazo
P1365.jpg,Tab. Naprox
P1366.jpg,Tab. Neuro-B
P1367.jpg,Tab. Calboral-Dx
P1368.jpg,Tab. Amitip 10
P1369.jpg,Tab. Don-A
P1370.jpg,Tab. cifotil
P1371.jpg,Tab. cifotil plus
P1372.jpg,Ecoxib
P1373.jpg,Biscor max
P1374.jpg,Devixil
P1375.jpg,Dexter
P1376.jpg,Emlidus
P1377.jpg,Bex 10
P1378.jpg,Neuroxen
P1379.jpg,Cewfilid
P1380.jpg,mirata
P1381.jpg,Dexter
P1382.jpg,lullonl Dx
P1383.jpg,Tb. N- Max
P1384.jpg,Tb. Anginta
P1385.jpg,Calboral-D
P1386.jpg,D-cop
P1387.jpg,Esotid
P1388.jpg,Tb. Torax
P1389.jpg,Tab. Rupa
P1390.jpg,Tab. Esotid
P1391.jpg,Tb. Calboral-D
P1392.jpg,Tb. Defrol
P1393.jpg,Torax
P1394.jpg,Calboral-Dx
P1395.jpg,D-cop
P1396.jpg,Scryel
P1397.jpg,Fenodin
P1398.jpg,Tab. Flamex
P1399.jpg,Tab. Nexum
P1400.jpg,Tab. Anth
P1401.jpg,Voligel Max
P1402.jpg,Tab. clacido
P1403.jpg,Tab. ANADOL
P1404.jpg,Tab.  NEXUM
P1405.jpg,Tab. Xinc-B
P1406.jpg,Tab. CEEVIX
P1407.jpg,Tab. Neobean
P1408.jpg,Nexum Mups
P1409.jpg,Reefcal-Dx
P1410.jpg,relenten
P1411.jpg,Neso
P1412.jpg,cefotil plus
P1413.jpg,Nabu
P1414.jpg,Alfane
P1415.jpg,Rcef-Dx
P1416.jpg,Alfane
P1417.jpg,Beklo
P1418.jpg,TPC
P1419.jpg,Nabu pain
P1420.jpg,Vonocab
P1421.jpg,Xinc-B
P1422.jpg,Alfane
P1423.jpg,Defcalivo
P1424.jpg,Feursilal
P1425.jpg,MaxPro
P1426.jpg,Tab. Normen
P1427.jpg,Algin
P1428.jpg,replastw
P1429.jpg,Max Pro
P1430.jpg,Flugal
P1431.jpg,Biscor 5
P1432.jpg,rofnp
P1433.jpg,Nafumef
P1434.jpg,Velcal
P1435.jpg,Dexter
P1436.jpg,HPR DS
P1437.jpg,Tab. Normens
P1438.jpg,Tab. Maxpro
P1439.jpg,Farpev
P1440.jpg,Paloxi
P1441.jpg,vildamef
P1442.jpg,Povifep
P1443.jpg,Empofi
P1444.jpg,Dexter
P1445.jpg,Cildip
P1446.jpg,Bisnen2.5
P1447.jpg,Devixi
P1448.jpg,Dexter
P1449.jpg,Estes
P1450.jpg,Eslilex
P1451.jpg,Sefra
P1452.jpg,vigorex 50
P1453.jpg,Dexter
P1454.jpg,Rexlife
P1455.jpg,ubicore E
P1456.jpg,fpeimcore
P1457.jpg,Desfviz
P1458.jpg,Eslilex 5
P1459.jpg,Nafro A plm
P1460.jpg,relenten
P1461.jpg,Don A
P1462.jpg,xinc
P1463.jpg,Nexum
P1464.jpg,Eslilex
P1465.jpg,m-lucas
P1466.jpg,Devixil
P1467.jpg,Detfacavt
P1468.jpg,Dexter
P1469.jpg,Neurolin
P1470.jpg,Sofbian
P1471.jpg,Rohie
P1472.jpg,Calboral D
P1473.jpg,Dexter
P1474.jpg,Etorix
P1475.jpg,Neuroxen
P1476.jpg,Calboral D
P1477.jpg,Dexter
P1478.jpg,Bisoren
P1479.jpg,Nafumef
P1480.jpg,Rasiflex
P1481.jpg,Arth A Max
P1482.jpg,Salost
P1483.jpg,Dexter
P1484.jpg,Calboral
P1485.jpg,Algin
P1486.jpg,Asynta max
P1487.jpg,Lubilex
P1488.jpg,Dexter
P1489.jpg,Neuroxen
P1490.jpg,Calboral D
P1491.jpg,Paloxi
P1492.jpg,Don A
P1493.jpg,Nabumef
P1494.jpg,Neuroxen
P1495.jpg,Calboral Dx
P1496.jpg,Prindof
P1497.jpg,Dexter 60
P1498.jpg,Neurolin 10
P1499.jpg,Tnplwpln
P1500.jpg,vurocare S R
P1501.jpg,Roxtal XP
P1502.jpg,Amino Plm
P1503.jpg,Calboral Dx
P1504.jpg,Renova XR
P1505.jpg,Dexter
P1506.jpg,Flexinor
P1507.jpg,Neurolin
P1508.jpg,Neuroxen
P1509.jpg,Calboral D
P1510.jpg,Dexter 30
P1511.jpg,Carbimazofe
P1512.jpg,m-lucas 10
P1513.jpg,Nafro A plm
P1514.jpg,Calboral D
P1515.jpg,Indover 10
P1516.jpg,Dexter 60
P1517.jpg,Neurolin 25
P1518.jpg,Etorix
P1519.jpg,Don A
P1520.jpg,Xinc B
P1521.jpg,Filwef Gold
P1522.jpg,Greenox
P1523.jpg,Dexter
P1524.jpg,Calboral D
P1525.jpg,Flemorif
P1526.jpg,Troxyf
P1527.jpg,Lubilox
P1528.jpg,Avolac
P1529.jpg,Dexter
P1530.jpg,Algin
P1531.jpg,Biscor 5
P1532.jpg,Tryptin Plus
P1533.jpg,Zolhivm 5
P1534.jpg,Prindof
P1535.jpg,Rasiflex
P1536.jpg,Cratuftzr
P1537.jpg,Zit A
P1538.jpg,Dexter 60
P1539.jpg,Pli 50
P1540.jpg,Syp. urisef
P1541.jpg,m-lucas 10
P1542.jpg,Cildip 10
P1543.jpg,Bisoren 5
P1544.jpg,Rosu 10
P1545.jpg,Dexter 60
P1546.jpg,Neuro A Plw Sw
P1547.jpg,Dexter 60
P1548.jpg,Actrafid
P1549.jpg,Calboral Dx
P1550.jpg,Prindof
P1551.jpg,Bisoren 5
P1552.jpg,Emjard
P1553.jpg,Neurolin
P1554.jpg,Neuroxen
P1555.jpg,Xanra
P1556.jpg,Nitrocontive
P1557.jpg,Rosu 10
P1558.jpg,Ecosprin Plus
P1559.jpg,m-lucas 10
P1560.jpg,Doxoven
P1561.jpg,Lopiren
P1562.jpg,Maxrin D
P1563.jpg,Telfro max
P1564.jpg,Biscor 5
P1565.jpg,Rofuclav
P1566.jpg,m-lucas 10
P1567.jpg,Doxoven
P1568.jpg,Dexfacar
P1569.jpg,lulrilax
P1570.jpg,Neuroxen
P1571.jpg,Neurolin
P1572.jpg,Nabumef
P1573.jpg,Neuroxen
P1574.jpg,Cp Dexter
P1575.jpg,Cridip 10
P1576.jpg,Biscor
P1577.jpg,Rosu  
P1578.jpg,Devixil
P1579.jpg,Dexter
P1580.jpg,Revere
P1581.jpg,menoril
P1582.jpg,Maxrin 
P1583.jpg,Bex 10
P1584.jpg,Neuroxen
P1585.jpg,Eslilex 5
P1586.jpg,Nexum
P1587.jpg,viglimef
P1588.jpg,Emezrd
P1589.jpg,Neurolin
P1590.jpg,Neuroxen
P1591.jpg,Roswva 10
P1592.jpg,Dexter 60
P1593.jpg,Namefan 750
P1594.jpg,Tendonil
P1595.jpg,Radiflex rafid
P1596.jpg,Arth  
P1597.jpg,Arth ATS
P1598.jpg,m-lucas 10
P1599.jpg,Rosu 10
P1600.jpg,Calboral Dx
P1601.jpg,Neurolin CR
P1602.jpg,Eslilex
P1603.jpg,Dexter
P1604.jpg,Relaxo
P1605.jpg,Napa Rapid
P1606.jpg,m-lucas 10
P1607.jpg,Itralul SB
P1608.jpg,Norium
P1609.jpg,vergun
P1610.jpg,Zollium 0.5
P1611.jpg,Devixil 0.5
P1612.jpg,TAB. BEKLO
P1613.jpg,Cap. ESONEX
P1614.jpg,TAB. OUOCM-D
P1615.jpg,TAB. PENOULY
P1616.jpg,Toramex 10
P1617.jpg,Relenten
P1618.jpg,Arth An
P1619.jpg,Arth A Max
P1620.jpg,Neuroxen
P1621.jpg,Calboral Dx
P1622.jpg,Dexter 60
P1623.jpg,Anstouit
P1624.jpg,Nexum
P1625.jpg,Flugal
P1626.jpg,Nuvifer
P1627.jpg,Amitip
P1628.jpg,Flugal
P1629.jpg,Naprox
P1630.jpg,Indever
P1631.jpg,Neuro-B
P1632.jpg,Naprox
P1633.jpg,Calboral-D
P1634.jpg,Flugal
P1635.jpg,Nuvifer
P1636.jpg,Calcor-Dx
P1637.jpg,Dexilend
P1638.jpg,Rupa
P1639.jpg,Dekalin
P1640.jpg,Dekalin
P1641.jpg,fun cream
P1642.jpg,Ferix-V
P1643.jpg,Calcor-D
P1644.jpg,Nexum
P1645.jpg,Algin
P1646.jpg,Derolon
P1647.jpg,Naprox
P1648.jpg,Neuro-B
P1649.jpg,Calbo-D
P1650.jpg,fzsprazo
P1651.jpg,ferix-v
P1652.jpg,Calcor-D
P1653.jpg,Esprazo
P1654.jpg,Acliz Plus
P1655.jpg,N-Max
P1656.jpg,ferix-v
P1657.jpg,Calcor-D
P1658.jpg,Es
P1659.jpg,Esprazo
P1660.jpg,Neuro-B
P1661.jpg,zimax
P1662.jpg,Montene
P1663.jpg,Dexlor
P1664.jpg,Napa Extend
P1665.jpg,Filoter
P1666.jpg,Dexilend
P1667.jpg,Montene
P1668.jpg,Calnor
P1669.jpg,Bisoren
P1670.jpg,Creston
P1671.jpg,Devixil
P1672.jpg,Zollium  
P1673.jpg,Eyium
P1674.jpg,ferix-v
P1675.jpg,Calcor-D
P1676.jpg,Nexum Mups
P1677.jpg,Algin
P1678.jpg,Neuro-B
P1679.jpg,zerup
P1680.jpg,Microgcofi
P1681.jpg,Barbit
P1682.jpg,Tb. Mccol
P1683.jpg,Tb. Altaxc
P1684.jpg,Indever f
P1685.jpg,Esotid Mups(zx)
P1686.jpg,Neuro-B
P1687.jpg,vildamef
P1688.jpg,Empofi
P1689.jpg,Nonum
P1690.jpg,Calboral Dx
P1691.jpg,Prindof
P1692.jpg,mig
P1693.jpg,cefotil
P1694.jpg,Mitpr
P1695.jpg,Tab. Galoa
P1696.jpg,Tab. Maxiwa
P1697.jpg,Inxo-A
P1698.jpg,Tab. Neuro.B
P1699.jpg,m-lucas 10
P1700.jpg,Don A
P1701.jpg,Allcaron
P1702.jpg,Lwfilex 24
P1703.jpg,Eslilex
P1704.jpg,Delfxz
P1705.jpg,xyril
P1706.jpg,Canficid
P1707.jpg,Terbia
P1708.jpg,Nexum
P1709.jpg,Aximcy
P1710.jpg,tomy
P1711.jpg,Clacef
P1712.jpg,m-lucas 
P1713.jpg,Docopc
P1714.jpg,Detfacf
P1715.jpg,Dexter
P1716.jpg,Tab. Calcor-D
P1717.jpg,cap. Ferix-v
P1718.jpg,cap. Esprazo
P1719.jpg,Algin Sorg
P1720.jpg,Neuro B
P1721.jpg,Gerfon
P1722.jpg,m-lucas 10
P1723.jpg,Ecosprin Plus
P1724.jpg,Rivyox
P1725.jpg,Biscor
P1726.jpg,Rosu
P1727.jpg,Dexter
P1728.jpg,Sperm Core
P1729.jpg,Ubi Core
P1730.jpg,Libidex
P1731.jpg,Endurex
P1732.jpg,Estes
P1733.jpg,E-vit
P1734.jpg,vigorey
P1735.jpg,DINOVO
P1736.jpg,Seruh Mups
P1737.jpg,Cheort-Dx
P1738.jpg,TPC
P1739.jpg,BEKLO
P1740.jpg,Uful Dx
P1741.jpg,Revocit
P1742.jpg,Eggcal
P1743.jpg,Moumcaze
P1744.jpg,prosesf
P1745.jpg,Neuroxen
P1746.jpg,cap. Folzim
P1747.jpg,Tab. Calbo
P1748.jpg,Dexilend
P1749.jpg,viscxywgxne
P1750.jpg,Neuro-B
P1751.jpg,Gerfon
P1752.jpg,Cifaclav
P1753.jpg,Torax
P1754.jpg,Othera
P1755.jpg,Nufw
P1756.jpg,Hermoquf
P1757.jpg,Dexter
P1758.jpg,Devixil
P1759.jpg,Greemox
P1760.jpg,Roxim
P1761.jpg,filmef
P1762.jpg,calboral
P1763.jpg,coxe
P1764.jpg,tyclav
P1765.jpg,Torax
P1766.jpg,PPI
P1767.jpg,Frabex
P1768.jpg,Syp xyril
P1769.jpg,Syp Cortam
P1770.jpg,Syp Deslor 
P1771.jpg,Feufiv
P1772.jpg,Cyclorox
P1773.jpg,Calamine
P1774.jpg,xyril
P1775.jpg,Comficid
P1776.jpg,Detfacf
P1777.jpg,Itrahil
P1778.jpg,Nexum
P1779.jpg,Zymef Pro
P1780.jpg,lnfilax
P1781.jpg,Dexter
P1782.jpg,Devixil
P1783.jpg,Syp Asyntamax
P1784.jpg,m-lucas
P1785.jpg,Doxoven
P1786.jpg,Detfacf
P1787.jpg,Rofip
P1788.jpg,maxrin
P1789.jpg,Hexinor
P1790.jpg,Pripmmf
P1791.jpg,m-lucas
P1792.jpg,Ginoba
P1793.jpg,Nufw
P1794.jpg,Domin
P1795.jpg,Biscor
P1796.jpg,Neuroxen
P1797.jpg,mig
P1798.jpg,Devixil
P1799.jpg,Dexter
P1800.jpg,Cildip
P1801.jpg,Cildip
P1802.jpg,Bisoren
P1803.jpg,vildamef
P1804.jpg,Dexter
P1805.jpg,Rosuva
P1806.jpg,Etorix
P1807.jpg,mefhomof
P1808.jpg,mig
P1809.jpg,vaptam
P1810.jpg,Dexter
P1811.jpg,m-lucas
P1812.jpg,m-lucas
P1813.jpg,Doxoven
P1814.jpg,Fensiv
P1815.jpg,Bilan
P1816.jpg,Dexter
P1817.jpg,Detfacf
P1818.jpg,Clacef
P1819.jpg,m-lucas
P1820.jpg,Doxoven
P1821.jpg,Nufw
P1822.jpg,Dexter
P1823.jpg,Devixil
P1824.jpg,Telfro max
P1825.jpg,Prnzofress
P1826.jpg,Elosfiv plus
P1827.jpg,Cildip
P1828.jpg,Neuroxen
P1829.jpg,m-lucas
P1830.jpg,Cefotil Plus
P1831.jpg,Zymef  
P1832.jpg,uliv
P1833.jpg,Dexter
P1834.jpg,Algin
P1835.jpg,Eslilex 5
P1836.jpg,Biscor 5
P1837.jpg,Estes
P1838.jpg,vigorex
P1839.jpg,Gintex
P1840.jpg,Anfrocef
P1841.jpg,Dexter
P1842.jpg,Neuroxen
P1843.jpg,vildamef
P1844.jpg,Empofi
P1845.jpg,Nonum
P1846.jpg,Calboral
P1847.jpg,Prindof
P1848.jpg,mig
P1849.jpg,Dexter
P1850.jpg,Don A
P1851.jpg,Pama Serg
P1852.jpg,Xinc B
P1853.jpg,Bextwfiluy
P1854.jpg,Dexter
P1855.jpg,m-lucas
P1856.jpg,Zollium  
P1857.jpg,Eslilex
P1858.jpg,mig
P1859.jpg,Neuroxen
P1860.jpg,Calboral
P1861.jpg,Dexter
P1862.jpg,Asynta
P1863.jpg,Don A
P1864.jpg,Natumef
P1865.jpg,Ravliflex
P1866.jpg,Neuroxen
P1867.jpg,halconl Dx
P1868.jpg,montene
P1869.jpg,Doxoven
P1870.jpg,Dexter
P1871.jpg,verqon
P1872.jpg,Ansilou
P1873.jpg,Rosuva
P1874.jpg,Devixil 0.5
P1875.jpg,Zollium  
P1876.jpg,Dexter
P1877.jpg,Cildip
P1878.jpg,Bisoren
P1879.jpg,Devixil
P1880.jpg,Dexter
P1881.jpg,Etorix
P1882.jpg,Zymef-Pro
P1883.jpg,Xinc B
P1884.jpg,Don A
P1885.jpg,Pama Serg
P1886.jpg,Cowficid
P1887.jpg,xyril
P1888.jpg,Nexum
P1889.jpg,Cefotil Plus
P1890.jpg,m-lucas
P1891.jpg,Fenafir
P1892.jpg,Fenafir
P1893.jpg,Neuroxen
P1894.jpg,Bilan
P1895.jpg,Calboral
P1896.jpg,Feropen
P1897.jpg,m-lucas 10
P1898.jpg,Doxoven
P1899.jpg,Rosu
P1900.jpg,Cildip
P1901.jpg,Bisoren
P1902.jpg,Dexter
P1903.jpg,vigfimef
P1904.jpg,Empofi
P1905.jpg,Secrin
P1906.jpg,Dexter
P1907.jpg,Sefr
P1908.jpg,Lifanta
P1909.jpg,Glicid
P1910.jpg,Biscor 5
P1911.jpg,Arsiloca
P1912.jpg,Rosu
P1913.jpg,Ncotion
P1914.jpg,Callin
P1915.jpg,Rosu
P1916.jpg,Nonum
P1917.jpg,Neuroxen
P1918.jpg,Etorix
P1919.jpg,calacef
P1920.jpg,Nufw
P1921.jpg,microges
P1922.jpg,Qtof
P1923.jpg,Paloxi
P1924.jpg,Maxpro
P1925.jpg,Carva
P1926.jpg,pregmo
P1927.jpg,Zox
P1928.jpg,Zymef
P1929.jpg,Algin
P1930.jpg,latilax
P1931.jpg,Auolac
P1932.jpg,Ecosprin
P1933.jpg,GTN
P1934.jpg,m-lucas
P1935.jpg,Delfmz
P1936.jpg,Eslilex 5
P1937.jpg,Microsegt
P1938.jpg,Ralripus
P1939.jpg,Myolax
P1940.jpg,Norium 5
P1941.jpg,Quridew
P1942.jpg,Aaxius
P1943.jpg,Rivotril
P1944.jpg,Maxirra
P1945.jpg,Revocit
P1946.jpg,Tab Cordca
P1947.jpg,Maxpro
P1948.jpg,Algin
P1949.jpg,Cildip 5
P1950.jpg,plaqriw plus
P1951.jpg,Devixil
P1952.jpg,vildamef
P1953.jpg,Empofi
P1954.jpg,Estes
P1955.jpg,Endurex
P1956.jpg,Dexter
P1957.jpg,Gintex
P1958.jpg,Terbi max
P1959.jpg,xyril
P1960.jpg,Detfacf
P1961.jpg,Phauolid Soaf
P1962.jpg,Temlonil
P1963.jpg,Arth A max
P1964.jpg,Raufitfup plus
P1965.jpg,Neuroxen
P1966.jpg,Neurolin
P1967.jpg,halcorl
P1968.jpg,Zymef Pro
P1969.jpg,uliv 1
P1970.jpg,Detfacf
P1971.jpg,Ribosore
P1972.jpg,Dexter
P1973.jpg,Xinc
P1974.jpg,Devixil
P1975.jpg,Algin
P1976.jpg,Asynta max
P1977.jpg,Nexum mups
P1978.jpg,vildamef
P1979.jpg,Emetid
P1980.jpg,Delfmz
P1981.jpg,Namefon
P1982.jpg,Rasiflep
P1983.jpg,Relenfn
P1984.jpg,vofifew qel
P1985.jpg,Dexter
P1986.jpg,Napa
P1987.jpg,Cildip
P1988.jpg,Cavinton
P1989.jpg,Nufw
P1990.jpg,Neuroxen
P1991.jpg,Rohuf
P1992.jpg,Ecerhimu
P1993.jpg,Dexter 60
P1994.jpg,Cefotil Plus
P1995.jpg,Etorix
P1996.jpg,Greemox
P1997.jpg,Estes
P1998.jpg,Dexter
P1999.jpg,Eslilex 5
P2000.jpg,Napa extra
P2001.jpg,Don A
P2002.jpg,xinc B
P2003.jpg,Nexum mups 20
P2004.jpg,Algin
P2005.jpg,Asynta max
P2006.jpg,Nexum mups 20
P2007.jpg,Zovic Gold
P2008.jpg,Don A
P2009.jpg,xinc B
P2010.jpg,m-lucas
P2011.jpg,Zovic Gold
P2012.jpg,xyril
P2013.jpg,Dexter
P2014.jpg,Feusiv
P2015.jpg,Actrafid
P2016.jpg,figfimef
P2017.jpg,Emjard
P2018.jpg,Cefotil Plus
P2019.jpg,m-lucas
P2020.jpg,Dophyllinc
P2021.jpg,Telfro max
P2022.jpg,Biscor
P2023.jpg,Rosuva
P2024.jpg,Profrauof
P2025.jpg,maxrin
P2026.jpg,Zymef Pro
P2027.jpg,Algin
P2028.jpg,Delfmz 30
P2029.jpg,Rofip
P2030.jpg,vigfimef
P2031.jpg,Eslilex
P2032.jpg,Devixil
P2033.jpg,Delfmz 
P2034.jpg,Neuroxen
P2035.jpg,Napa extra
P2036.jpg,Don A
P2037.jpg,xinc B
P2038.jpg,Nexum
P2039.jpg,vorirox
P2040.jpg,xyril
P2041.jpg,Caficid
P2042.jpg,Detfacf
P2043.jpg,Nexum
P2044.jpg,Biscor max
P2045.jpg,Neuroxen
P2046.jpg,hutilax
P2047.jpg,Don A
P2048.jpg,xinc 
P2049.jpg,Dexter
P2050.jpg,Calboral Dx
P2051.jpg,Rafiflo 8
P2052.jpg,ucof
P2053.jpg,Pro Gio
P2054.jpg,Delfrz
P2055.jpg,Eslilex
P2056.jpg,clacef
P2057.jpg,m-lucas
P2058.jpg,Nafro A plus
P2059.jpg,Neuroxen
P2060.jpg,Delfrz
P2061.jpg,volirac max
P2062.jpg,Pelverin
P2063.jpg,Hepeximin
P2064.jpg,Nufw
P2065.jpg,Nexum mups 20
P2066.jpg,Natumef
P2067.jpg,Arth A max
P2068.jpg,Rausiflex Plus
P2069.jpg,Neuroxen
P2070.jpg,Kallonl Dx
P2071.jpg,Delfroz
P2072.jpg,Eslilex
P2073.jpg,clavusef
P2074.jpg,Algin
P2075.jpg,Gavitfep
P2076.jpg,Paloxi
P2077.jpg,Delfrnz
P2078.jpg,Devixil
P2079.jpg,Reelifr
P2080.jpg,unbery
P2081.jpg,Algin
P2082.jpg,lutilax
P2083.jpg,Dexter
P2084.jpg,Exlilex 5
P2085.jpg,Fxsid Plus
P2086.jpg,Lutilax 24
P2087.jpg,Auolac
P2088.jpg,Dexter
P2089.jpg,Protio
P2090.jpg,B. 50 forte
P2091.jpg,Ceevit
P2092.jpg,Dexter
P2093.jpg,Fasid Plus
P2094.jpg,Algin
P2095.jpg,Cildip 5
P2096.jpg,Neuroxen
P2097.jpg,Nameton
P2098.jpg,Resitfex plus
P2099.jpg,Dexter 60
P2100.jpg,Salost Dx
P2101.jpg,Algin
P2102.jpg,Reelifr
P2103.jpg,Sperm Core
P2104.jpg,vigorex
P2105.jpg,wficore
P2106.jpg,Nexe
P2107.jpg,Toradolin
P2108.jpg,Efodio
P2109.jpg,Ovit-A
P2110.jpg,Lactomone
P2111.jpg,Novotrif
P2112.jpg,voltalin
P2113.jpg,Ecosprin
P2114.jpg,Nitr
P2115.jpg,Rosetn
P2116.jpg,Learxir
P2117.jpg,Doximev
P2118.jpg,Montelm
P2119.jpg,Alolrol
P2120.jpg,Todol
P2121.jpg,Xrlpro
P2122.jpg,Zolfin
P2123.jpg,FONA
P2124.jpg,Zodep
P2125.jpg,N-Itepa
P2126.jpg,Clavutil
P2127.jpg,Plagnin
P2128.jpg,Lipicon
P2129.jpg,Telmivas
P2130.jpg,Vineet
P2131.jpg,Dexter
P2132.jpg,B126
P2133.jpg,Rivotril
P2134.jpg,Asthma
P2135.jpg,Flv
P2136.jpg,Nenvopex
P2137.jpg,mecol
P2138.jpg,Merdir
P2139.jpg,Febustat
P2140.jpg,Terxilla-SR
P2141.jpg,Nexum-mups
P2142.jpg,Tryptim
P2143.jpg,Febustat
P2144.jpg,Trevox
P2145.jpg,Neruopex
P2146.jpg,Mecor
P2147.jpg,Frenxil
P2148.jpg,Reserux-SR
P2149.jpg,Pronex
P2150.jpg,Febun
P2151.jpg,Indooref
P2152.jpg,Nexe-mups
P2153.jpg,Baemax
P2154.jpg,Synogen
P2155.jpg,Tryptin
P2156.jpg,todef
P2157.jpg,Knee joints
P2158.jpg,Pain at calf
P2159.jpg,Uric Acid
P2160.jpg,Supra-B
P2161.jpg,meur
P2162.jpg,Tryptin
P2163.jpg,Synogen
P2164.jpg,clavutil
P2165.jpg,Nexc
P2166.jpg,Bilfastl
P2167.jpg,Doxicap
P2168.jpg,BRON WASFI
P2169.jpg,BRON GVEL
P2170.jpg,Telmidip
P2171.jpg,Ecosprin
P2172.jpg,Tiginor
P2173.jpg,Anfuye
P2174.jpg,Nexe
P2175.jpg,Indever
P2176.jpg,Nexe
P2177.jpg,Bilfast
P2178.jpg,Clavutil
P2179.jpg,Nexe-Mups
P2180.jpg,Barmax
P2181.jpg,Tryptin
P2182.jpg,Pain at calf
P2183.jpg,Tryptin
P2184.jpg,N-MAX
P2185.jpg,Metaomol
P2186.jpg,Defzacort 6
P2187.jpg,Coragu-D
P2188.jpg,Exium Mups
P2189.jpg,Voligel.Max
P2190.jpg,Fexo
P2191.jpg,Rolae
P2192.jpg,Etorix
P2193.jpg,Amlrocaf
P2194.jpg,Estes
P2195.jpg,Sperm Core
P2196.jpg,wfiCore
P2197.jpg,Dexter
P2198.jpg,vigorex
P2199.jpg,Reelife
P2200.jpg,wfiCore
P2201.jpg,Calcor-D
P2202.jpg,Ferix-V
P2203.jpg,Nexum
P2204.jpg,Don- A
P2205.jpg,Neuro-B
P2206.jpg,Gagwol
P2207.jpg,Gerlon
P2208.jpg,Nexum Mups
P2209.jpg,Ferix-V
P2210.jpg,Calboral-D
P2211.jpg,Esprozo
P2212.jpg,Algin
P2213.jpg,Garcon
P2214.jpg,Neuro-B
P2215.jpg,Microgurt
P2216.jpg,Esprozo
P2217.jpg,Derolon
P2218.jpg,Esprazo
P2219.jpg,Naprox
P2220.jpg,Neuro-B
P2221.jpg,Calcor-D
P2222.jpg,Flugal
P2223.jpg,lecor
P2224.jpg,Fentizol
P2225.jpg,Amitip
P2226.jpg,Neuro-B
P2227.jpg,Normeivo
P2228.jpg,Dexilend
P2229.jpg,ofran
P2230.jpg,Aristovil-B
P2231.jpg,Amitip
P2232.jpg,Neuro-B
P2233.jpg,Calcor-D
P2234.jpg,Normens
P2235.jpg,Norestin
P2236.jpg,Naprox
P2237.jpg,Esprazo
P2238.jpg,Neuro-B
P2239.jpg,Calbo-D
P2240.jpg,Zesup
P2241.jpg,Desolon
P2242.jpg,Mecol
P2243.jpg,Neuro-B
P2244.jpg,Xyflo
P2245.jpg,Reef-Dx
P2246.jpg,Othera
P2247.jpg,Normens
P2248.jpg,Flugal
P2249.jpg,Nexum
P2250.jpg,Neuro-B
P2251.jpg,Calcor-D
P2252.jpg,Aorifip
P2253.jpg,Fenix-V
P2254.jpg,Calcor-D
P2255.jpg,Zimax
P2256.jpg,Neuro-B
P2257.jpg,Geotrenol
P2258.jpg,Fenix-V
P2259.jpg,Nexum
P2260.jpg,Calcor-D
P2261.jpg,Algin
P2262.jpg,Montene
P2263.jpg,Neuro-B
P2264.jpg,Geoton
P2265.jpg,Nexum
P2266.jpg,Rebe
P2267.jpg,Becobion
P2268.jpg,Fossical D
P2269.jpg,Purifen
P2270.jpg,X-ray C/S
P2271.jpg,Algin
P2272.jpg,Cef-B
P2273.jpg,Motigut
P2274.jpg,Nexum
P2275.jpg,Calborul-D
P2276.jpg,Fenix-V
P2277.jpg,Cetinol forte
P2278.jpg,Ceevit
P2279.jpg,Algin
P2280.jpg,Nexum
P2281.jpg,Calcor-D
P2282.jpg,Fenix-V
P2283.jpg,Esprazo
P2284.jpg,Neuro-B
P2285.jpg,Barbit
P2286.jpg,Microgest
P2287.jpg,Calcor-D
P2288.jpg,Cinaron Plus
P2289.jpg,Omidon
P2290.jpg,Nexum Mups
P2291.jpg,Naprosyn Plus
P2292.jpg,Neuro-B
P2293.jpg,Calcor-D
P2294.jpg,Furocef
P2295.jpg,Montene
P2296.jpg,Doxiva
P2297.jpg,Anitip
P2298.jpg,Nexum
P2299.jpg,Neuro-B
P2300.jpg,Calcor-D
P2301.jpg,Lerozol
P2302.jpg,Rephaston
P2303.jpg,Ferti-Q
P2304.jpg,Rex
P2305.jpg,E-gel 200Iu
P2306.jpg,DDR-Bomg
P2307.jpg,Zimax
P2308.jpg,Bilista
P2309.jpg,Tofen
P2310.jpg,Broxolite
P2311.jpg,Montene
P2312.jpg,Priten
P2313.jpg,Othera
P2314.jpg,Omidon
P2315.jpg,Neuro-B
P2316.jpg,Calcor-D
P2317.jpg,Fenix-V
P2318.jpg,Nexum
P2319.jpg,Neuro-B
P2320.jpg,Barbit
P2321.jpg,Microgest
P2322.jpg,Fenix-V
P2323.jpg,Calcor-D
P2324.jpg,Nexum
P2325.jpg,Algin
P2326.jpg,Zimax
P2327.jpg,Montene
P2328.jpg,Neuro-B
P2329.jpg,Geoton
P2330.jpg,Purifen
P2331.jpg,Rebe
P2332.jpg,Becobion
P2333.jpg,Fossical D
P2334.jpg,Desolon
P2335.jpg,Naporx
P2336.jpg,Esprazo
P2337.jpg,Beklo
P2338.jpg,Calboral D
P2339.jpg,Aorifip
P2340.jpg,Calcor-D
P2341.jpg,Fenix-V
P2342.jpg,Clavutil
P2343.jpg,Napa one
P2344.jpg,Norim D
P2345.jpg,Fexo 120
P2346.jpg,Valic CR
P2347.jpg,Zymat Pro
P2348.jpg,Motigut
P2349.jpg,Othera
P2350.jpg,X-ray
P2351.jpg,Esprazo
P2352.jpg,K2cal
P2353.jpg,Liquid to soft
P2354.jpg,Axim CV
P2355.jpg,Flucloxin
P2356.jpg,Nexum Mups
P2357.jpg,Torax
P2358.jpg,Fixgut
P2359.jpg,Rotinaf fote
P2360.jpg,Lactomore
P2361.jpg,Rivotril
P2362.jpg,Voltalin
P2363.jpg,Cefrid
P2364.jpg,Maxima
P2365.jpg,K-flam
P2366.jpg,Seko Polem
P2367.jpg,Keto
P2368.jpg,Nexe
P2369.jpg,Elodep 5
P2370.jpg,Itokine 50
P2371.jpg,Nexmig 2.5
P2372.jpg,Dueblock 5
P2373.jpg,Nexe mups
P2374.jpg,Clavutil
P2375.jpg,Itokine
P2376.jpg,Trocar SR
P2377.jpg,Tonlino
P2378.jpg,Maxsulin
P2379.jpg,Zo-mups
P2380.jpg,Orinou-D
P2381.jpg,Clavutil
P2382.jpg,Mervan
P2383.jpg,Beklo 10
P2384.jpg,Neuroxen
P2385.jpg,DDR 30
P2386.jpg,Tevox 500
P2387.jpg,Bilau 20
P2388.jpg,Xiva
P2389.jpg,Zo-mups
P2390.jpg,Purisal
P2391.jpg,Microcef
P2392.jpg,Nexe mups
P2393.jpg,Flemex Plus
P2394.jpg,Deslong
P2395.jpg,N-max
P2396.jpg,Tosou 50
P2397.jpg,Zo-mups
P2398.jpg,Voltalin
P2399.jpg,Clavutil
P2400.jpg,VoxBone
P2401.jpg,Loba-G
P2402.jpg,Ultrox
P2403.jpg,Valex CR
P2404.jpg,Fexolet M
P2405.jpg,Indevex
P2406.jpg,Esipram
P2407.jpg,Nexe mups
P2408.jpg,Clavutil
P2409.jpg,Flux
P2410.jpg,Nexe
P2411.jpg,Napa one
P2412.jpg,Motigut
P2413.jpg,Ascobex
P2414.jpg,Voltalin
P2415.jpg,Actilac
P2416.jpg,Napa
P2417.jpg,Cefaclav
P2418.jpg,A-Flux
P2419.jpg,Nexe mups
P2420.jpg,Rotalac
P2421.jpg,Luminus
P2422.jpg,Filofer
P2423.jpg,Gavisus
P2424.jpg,Maxuline-R
P2425.jpg,Ligazid
P2426.jpg,Fasopen
P2427.jpg,Optimax
P2428.jpg,Ceevit
P2429.jpg,Pantonix
P2430.jpg,Toradolin
P2431.jpg,Clonapex
P2432.jpg,Microcef
P2433.jpg,Nexe mups
P2434.jpg,Etorix
P2435.jpg,Dezlo
P2436.jpg,Afix
P2437.jpg,Pronex Mups
P2438.jpg,Napa one
P2439.jpg,Fixgut 10
P2440.jpg,Ceevit
P2441.jpg,Biltin 20
P2442.jpg,Nexe
P2443.jpg,Myolax
P2444.jpg,Liprolin
P2445.jpg,Lacto
P2446.jpg,Spilac F
P2447.jpg,Momvit
P2448.jpg,Napa one
P2449.jpg,ROlac
P2450.jpg,Fixgut
P2451.jpg,Arlin
P2452.jpg,Ecosprin
P2453.jpg,Nitro-SR
P2454.jpg,Roseton
P2455.jpg,Doximax
P2456.jpg,Montelukast
P2457.jpg,Alanol
P2458.jpg,Todol
P2459.jpg,Xolpro
P2460.jpg,Nervoprx
P2461.jpg,Mecol
P2462.jpg,Merdin
P2463.jpg,Febusful
P2464.jpg,Tersilla-SR
P2465.jpg,Nexum Mups
P2466.jpg,Tryptin
P2467.jpg,Trevox
P2468.jpg,Nervoprx
P2469.jpg,Neuro 0.5mg
P2470.jpg,Frenxit
P2471.jpg,Rexrisx-SR
P2472.jpg,Pronex
P2473.jpg,Nexe mups
P2474.jpg,Baemax
P2475.jpg,Synogen
P2476.jpg,Tryptin
P2477.jpg,Todet
P2478.jpg,Clavutil
P2479.jpg,Nexe
P2480.jpg,Bilfast
P2481.jpg,Doxicap
P2482.jpg,Bron Wash
P2483.jpg,Bron Gel
P2484.jpg,Nexe
P2485.jpg,Doxicap
P2486.jpg,Nexe
P2487.jpg,Voltalin
P2488.jpg,Calbo-D
P2489.jpg,Neuro-B
P2490.jpg,Calbo-D
P2491.jpg,Frenxit
P2492.jpg,Flugal
P2493.jpg,Neuro-B
P2494.jpg,Lelox
P2495.jpg,Defalin
P2496.jpg,Amitip
P2497.jpg,Zenup
P2498.jpg,Aristovit -B
P2499.jpg,Pronex
P2500.jpg,Clavutil
P2501.jpg,Nexe
P2502.jpg,Defalin
P2503.jpg,Nexe
P2504.jpg,Conit-XR
P2505.jpg,Esprazo
P2506.jpg,Nexum
P2507.jpg,Aristovit
P2508.jpg,Neuro-B
P2509.jpg,Calbo-D
P2510.jpg,Xyril
P2511.jpg,Neuro-B
P2512.jpg,Geoton
P2513.jpg,Corulcal-D
P2514.jpg,PG
P2515.jpg,Calcor-D
P2516.jpg,Calbo-D
P2517.jpg,Neuro-B
P2518.jpg,Calcor-D
P2519.jpg,Clavutil
P2520.jpg,Esobest Mups
P2521.jpg,Reto
P2522.jpg,Rezco
P2523.jpg,Texit
P2524.jpg,Tofen
P2525.jpg,Purisal
P2526.jpg,Montair
P2527.jpg,Axim CV
P2528.jpg,Phylopen
P2529.jpg,Nexum
P2530.jpg,Napa one
P2531.jpg,Omidon
P2532.jpg,Frulac
P2533.jpg,Ceevit
P2534.jpg,Clonapex
P2535.jpg,Pirulin
P2536.jpg,Voltalin
P2537.jpg,Texit
P2538.jpg,Flayd
P2539.jpg,Texit
P2540.jpg,Algin
P2541.jpg,Finix
P2542.jpg,Anset
P2543.jpg,Nexe
P2544.jpg,Napryn
P2545.jpg,Nexe
P2546.jpg,Baumax
P2547.jpg,Calboral
P2548.jpg,Roclav
P2549.jpg,Medi Plus
P2550.jpg,Azosite
P2551.jpg,Nexe
P2552.jpg,Hot Compression
P2553.jpg,Maxigam E/D
P2554.jpg,Optimax
P2555.jpg,Ceevit
P2556.jpg,Profinex
P2557.jpg,Kibac
P2558.jpg,Nexe
P2559.jpg,Roxadex
P2560.jpg,Nalbun
P2561.jpg,Vergon
P2562.jpg,Algin
P2563.jpg,Anodof
P2564.jpg,Fylox
P2565.jpg,Xylio
P2566.jpg,Avloclav
P2567.jpg,Dexnaof
P2568.jpg,Bilaxe
P2569.jpg,Bexitrol
P2570.jpg,Raditil
P2571.jpg,Vonacab
P2572.jpg,Apeclo
P2573.jpg,LBP following
P2574.jpg,Azinel
P2575.jpg,Napa Extend
P2576.jpg,Clavutil
P2577.jpg,Sanbin
P2578.jpg,Indo
P2579.jpg,Drexy
P2580.jpg,Texit
P2581.jpg,Esmax
P2582.jpg,Voltalin Syrup
P2583.jpg,Rolac
P2584.jpg,Roclav
P2585.jpg,Nexe
P2586.jpg,Rolac
P2587.jpg,Esmax
P2588.jpg,Pauion
P2589.jpg,Cefin-B
P2590.jpg,Flux
P2591.jpg,Torax
P2592.jpg,Nexe
P2593.jpg,Don-A
P2594.jpg,Clonapex
P2595.jpg,Ceevit
P2596.jpg,Voltalin
P2597.jpg,Bactrosin 
P2598.jpg,Actilac
P2599.jpg,Calboral Dx
P2600.jpg,Cap. zif
P2601.jpg,Azinil
P2602.jpg,Glyxan
P2603.jpg,Motigut
P2604.jpg,Comprid
P2605.jpg,Esotid
P2606.jpg,Povital
P2607.jpg,Merincal-D
P2608.jpg,Esotid
P2609.jpg,Oclazid
P2610.jpg,Biocal-Dx
P2611.jpg,Merven-SR
P2612.jpg,Joint Relif Plus
P2613.jpg,Festam gel
P2614.jpg,Ace Power
P2615.jpg,Rupa
P2616.jpg,Rozita
P2617.jpg,Profenid Gell
P2618.jpg,Napa
P2619.jpg,Telfast
P2620.jpg,X-fen
P2621.jpg,Rivotril
P2622.jpg,Algend
P2623.jpg,Omidon
P2624.jpg,Frulac
P2625.jpg,Unomax
P2626.jpg,Rivo
P2627.jpg,Pantonix
P2628.jpg,Rosu
P2629.jpg,Navilum
P2630.jpg,Plagrin
P2631.jpg,Maxpro
P2632.jpg,Paloven
P2633.jpg,Vasco
P2634.jpg,Nesotem
P2635.jpg,Eggcot
P2636.jpg,Nexe
P2637.jpg,Volinac
P2638.jpg,Filmet
P2639.jpg,Ceevit
P2640.jpg,Napa One
P2641.jpg,Sergel
P2642.jpg,Omidon
P2643.jpg,Ceevit
P2644.jpg,Bilan
P2645.jpg,Ambrox
P2646.jpg,Flubex
P2647.jpg,Flubex
P2648.jpg,Best Fresh
P2649.jpg,Moxigram
P2650.jpg,Filofer
P2651.jpg,Gavisus
P2652.jpg,Rotalac
P2653.jpg,Luminus
P2654.jpg,A-flux
P2655.jpg,Nexe Mups
P2656.jpg,Duracef
P2657.jpg,Nexe
P2658.jpg,Flux
P2659.jpg,Rolac
P2660.jpg,Napa One
P2661.jpg,Spilac
P2662.jpg,Lacto
P2663.jpg,Loxodol
P2664.jpg,Algin
P2665.jpg,Nexe Mups
P2666.jpg,Megulol
P2667.jpg,Motigut
P2668.jpg,Xamic
P2669.jpg,Duracef
P2670.jpg,Nexe
P2671.jpg,Ferix-V
P2672.jpg,Top
P2673.jpg,Napa One
P2674.jpg,Flux
P2675.jpg,Alcet
P2676.jpg,Spilac
P2677.jpg,Lacto
P2678.jpg,Rivotril
P2679.jpg,Fixgut
P2680.jpg,Sekorin
P2681.jpg,Apeclo
P2682.jpg,Etorix
P2683.jpg,Nervion
P2684.jpg,Povital
P2685.jpg,Esotil
P2686.jpg,Kinate
P2687.jpg,Ruchigold
P2688.jpg,Flux
P2689.jpg,Esoral
P2690.jpg,Torax
P2691.jpg,Motigut
P2692.jpg,Ceevit
P2693.jpg,Clonapex
P2694.jpg,Calboral Dx
P2695.jpg,Cefim
P2696.jpg,Flux
P2697.jpg,Nexe
P2698.jpg,Filmet
P2699.jpg,Don-A
P2700.jpg,Clonapex
P2701.jpg,Ceevit
P2702.jpg,Torax
P2703.jpg,Ratinol Forte
P2704.jpg,Fexit
P2705.jpg,Profen
P2706.jpg,Faenor
P2707.jpg,Oricef
P2708.jpg,Gestin
P2709.jpg,Nexe
P2710.jpg,Torix
P2711.jpg,Omidon
P2712.jpg,Xamic
P2713.jpg,Xamic
P2714.jpg,Biltin
P2715.jpg,Actilac
P2716.jpg,Filmet
P2717.jpg,Nexe
P2718.jpg,Torax
P2719.jpg,Voltalin
P2720.jpg,Furocef
P2721.jpg,Nexe
P2722.jpg,Filmet
P2723.jpg,Napa
P2724.jpg,Voltalin
P2725.jpg,Napa
P2726.jpg,Frulac
P2727.jpg,Optimax
P2728.jpg,Clavutil
P2729.jpg,Roclav
P2730.jpg,Nexe
P2731.jpg,Flamex
P2732.jpg,Esomax
P2733.jpg,Fexit
P2734.jpg,Fexit
P2735.jpg,Esomax
P2736.jpg,Voltalin -D
P2737.jpg,Nexe
P2738.jpg,Roclav
P2739.jpg,Utromeg
P2740.jpg,Nervion
P2741.jpg,Povital
P2742.jpg,Biloxe
P2743.jpg,Melpred
P2744.jpg,Napronex
P2745.jpg,Xyflo
P2746.jpg,Yonocab
P2747.jpg,Esmax
P2748.jpg,Dopecgut
P2749.jpg,Sedil
P2750.jpg,Nexe
P2751.jpg,Flenex Dew
P2752.jpg,Flexibac
P2753.jpg,Sindala
P2754.jpg,Napa One
P2755.jpg,Tory
P2756.jpg,Kalorl Dx
P2757.jpg,Neobion
P2758.jpg,Sergel
P2759.jpg,Rolac
P2760.jpg,Montrlon
P2761.jpg,E-cap
P2762.jpg,Coralex DX
P2763.jpg,Quiet
P2764.jpg,Nexe
P2765.jpg,Rolac
P2766.jpg,Microcef
P2767.jpg,Phylopen-Ds
P2768.jpg,Alect
P2769.jpg,Frulac
P2770.jpg,Ceevit
P2771.jpg,Voltalin
P2772.jpg,Indo
P2773.jpg,Nexe
P2774.jpg,Monas
P2775.jpg,Sekodex
P2776.jpg,Nexe
P2777.jpg,Zinax
P2778.jpg,Napa Extra
P2779.jpg,Texit
P2780.jpg,Alcef
P2781.jpg,Deromax estam
P2782.jpg,Texit
P2783.jpg,Tofen
P2784.jpg,Napa
P2785.jpg,Xiva
P2786.jpg,Oricef
P2787.jpg,Flamyd
P2788.jpg,Remmo
P2789.jpg,Torax
P2790.jpg,Omidon
P2791.jpg,Ceevit
P2792.jpg,Lactomore
P2793.jpg,Clonapex
P2794.jpg,Voltalin
P2795.jpg,Efedio
P2796.jpg,Nexe
P2797.jpg,Duracef
P2798.jpg,Nexe
P2799.jpg,Top
P2800.jpg,Napa One
P2801.jpg,Flux
P2802.jpg,Alcet
P2803.jpg,Spilac
P2804.jpg,Lacfu
P2805.jpg,Rivotril
P2806.jpg,Fixgut
P2807.jpg,Sekorin
P2808.jpg,Furoclav
P2809.jpg,Nexe
P2810.jpg,Myolax
P2811.jpg,Cefaclav
P2812.jpg,Nexe
P2813.jpg,Nexe
P2814.jpg,Torex
P2815.jpg,Calcor-D
P2816.jpg,Fenix-V
P2817.jpg,Don-A
P2818.jpg,Neuro-B
P2819.jpg,Geslon
P2820.jpg,Cildip
P2821.jpg,Ace
P2822.jpg,Ace XR
P2823.jpg,Almex tab
P2824.jpg,Anadol
P2825.jpg,Angilock
P2826.jpg,Cef-3
P2827.jpg,Ceftron
P2828.jpg,Clofenal
P2829.jpg,Clofenal
P2830.jpg,Conit XR
P2831.jpg,Fexo
P2832.jpg,Germicord
P2833.jpg,Glysup
P2834.jpg,K-one
P2835.jpg,Nexum
P2836.jpg,Ocef
P2837.jpg,Seclo
P2838.jpg,Solon
P2839.jpg,Beconal
P2840.jpg,Fenix-V
P2841.jpg,Calboral D
P2842.jpg,Esprozo
P2843.jpg,Algin
P2844.jpg,Garcon
P2845.jpg,Neuro-B
P2846.jpg,Actrapid
P2847.jpg,Specbac
P2848.jpg,Filmet
P2849.jpg,Remmo
P2850.jpg,Algin
P2851.jpg,G-pethidne
P2852.jpg,Emistat
P2853.jpg,Tyclav
P2854.jpg,Tory
P2855.jpg,Triolon
P2856.jpg,Neuro-B
P2857.jpg,Xanna
P2858.jpg,Derolon
P2859.jpg,Esprazo
P2860.jpg,Naprox
P2861.jpg,Neuro-B
P2862.jpg,Calcor-D
P2863.jpg,Flugal
P2864.jpg,Lecor
P2865.jpg,Fentizol
P2866.jpg,Amitip
P2867.jpg,Fenix-V
P2868.jpg,Calcor-D
P2869.jpg,Nexum
P2870.jpg,Algin
P2871.jpg,Neuro-B
P2872.jpg,Arlin
P2873.jpg,Torax
P2874.jpg,Maxima
P2875.jpg,Dexilend
P2876.jpg,Ofran
P2877.jpg,Aristovit
P2878.jpg,Amitip
P2879.jpg,Neuro-B
P2880.jpg,Calcor-D
P2881.jpg,Norestin
P2882.jpg,Naprox
P2883.jpg,Neuro-B
P2884.jpg,Calbo-D
P2885.jpg,Zesup
P2886.jpg,Desolon
P2887.jpg,Xylin
P2888.jpg,Deslor
P2889.jpg,Cyclorox
P2890.jpg,Neuro-B
P2891.jpg,Reef-Dx
P2892.jpg,Othera
P2893.jpg,Normens
P2894.jpg,Flugal
P2895.jpg,Nexum
P2896.jpg,Neuro-B
P2897.jpg,Calcor-D
P2898.jpg,Amitip
P2899.jpg,Ferix-v
P2900.jpg,Calcor-D
P2901.jpg,Zimax
P2902.jpg,Montene
P2903.jpg,Neuro-B
P2904.jpg,Geotrenol
P2905.jpg,Folzin-Cl
P2906.jpg,Calbo-D
P2907.jpg,Dexilend
P2908.jpg,Algin
P2909.jpg,Neuro-B
P2910.jpg,Allyglot
P2911.jpg,Novelon Lite
P2912.jpg,Esprazo
P2913.jpg,Naprox plus
P2914.jpg,Neuro-B
P2915.jpg,Calcor-D
P2916.jpg,Flugal
P2917.jpg,Lecor
P2918.jpg,Calcor-D
P2919.jpg,Fenix-V
P2920.jpg,Nexum
P2921.jpg,Algin
P2922.jpg,Nucef-cv
P2923.jpg,Montene
P2924.jpg,Neuro-B
P2925.jpg,Geotoenol
P2926.jpg,Amitip
P2927.jpg,Aristovit
P2928.jpg,Zesup
P2929.jpg,Dexlor
P2930.jpg,Purifen
P2931.jpg,Rebe
P2932.jpg,Beconal
P2933.jpg,Fossical D
P2934.jpg,Fenix-V
P2935.jpg,Calbo-D
P2936.jpg,Nexum
P2937.jpg,Algin
P2938.jpg,Neuro-B
P2939.jpg,Algin
P2940.jpg,Cef-3
P2941.jpg,Nexum
P2942.jpg,Calboral D
P2943.jpg,Ferix-v
P2944.jpg,Desolon
P2945.jpg,Beklo
P2946.jpg,Neuro-B
P2947.jpg,Calboral D
P2948.jpg,Amitip
P2949.jpg,Folzin-Cl
P2950.jpg,Calboral D
P2951.jpg,Algin
P2952.jpg,Neuro-B
P2953.jpg,Barbit
P2954.jpg,Calcor-D
P2955.jpg,Fenix-V
P2956.jpg,Esprazo
P2957.jpg,Neuro-B
P2958.jpg,Barbit
P2959.jpg,Microcef
P2960.jpg,Omidon
P2961.jpg,Nexum
P2962.jpg,Neuro-B
P2963.jpg,Calcor-D
P2964.jpg,Furocef
P2965.jpg,Montene
P2966.jpg,Doxiva
P2967.jpg,Anitip
P2968.jpg,Fleme max
P2969.jpg,Amilin
P2970.jpg,Lerozol
P2971.jpg,Rephaston
P2972.jpg,Ferti-Q
P2973.jpg,Rex
P2974.jpg,E-gel
P2975.jpg,DDR
P2976.jpg,Zimax
P2977.jpg,Bilista
P2978.jpg,Tofen
P2979.jpg,Broxolite
P2980.jpg,Montene
P2981.jpg,Novelon Lite
P2982.jpg,Aristovit-B
P2983.jpg,Zesup
P2984.jpg,Esprazo
P2985.jpg,Don-A
P2986.jpg,Neuro-B
P2987.jpg,Amitip
P2988.jpg,Othera
P2989.jpg,Omidon
P2990.jpg,Neuro-B
P2991.jpg,Calbo-D
P2992.jpg,Fenix-V
P2993.jpg,Calcor-Dx
P2994.jpg,Nexum
P2995.jpg,Neuro-B
P2996.jpg,Barbit
P2997.jpg,Calcor-D
P2998.jpg,Fenix-V
P2999.jpg,Algin
P3000.jpg,Neuro-B
P3001.jpg,Geoton
P3002.jpg,Carulcal D
P3003.jpg,D-Rise
P3004.jpg,Rolac
P3005.jpg,Othera
P3006.jpg,Xinc-B
P3007.jpg,Frulac
P3008.jpg,Anadol
P3009.jpg,Neuro-B
P3010.jpg,Othera
P3011.jpg,Myolax
P3012.jpg,Onacal-D
P3013.jpg,D-Rise
P3014.jpg,PG
P3015.jpg,Fenix-V
P3016.jpg,Calcor-D
P3017.jpg,Esprazo
P3018.jpg,Algin
P3019.jpg,Neuro-B
P3020.jpg,Novelin lite
P3021.jpg,Naprosin Plus
P3022.jpg,Esprazo
P3023.jpg,Flugat
P3024.jpg,Neuro-B
P3025.jpg,Bredicon
P3026.jpg,Calcor-D
P3027.jpg,Neuro-B
P3028.jpg,Folzin-Cl
P3029.jpg,Don-A
P3030.jpg,Nexum Mups
P3031.jpg,Ace
P3032.jpg,Neuro-B
P3033.jpg,Calcor-D
P3034.jpg,Zesup
P3035.jpg,Anitip
P3036.jpg,Desolon
P3037.jpg,D-cap
P3038.jpg,Seclo
P3039.jpg,Algin
P3040.jpg,Flugal
P3041.jpg,Lecor
P3042.jpg,Neuro-B
P3043.jpg,Calcor-D
P3044.jpg,Calcor-Dx
P3045.jpg,Algin
P3046.jpg,Neuro-B
P3047.jpg,Lerozol
P3048.jpg,Algin
P3049.jpg,Naprox
P3050.jpg,Esprazo
P3051.jpg,Neuro-B
P3052.jpg,Flugat
P3053.jpg,Meffo
P3054.jpg,Don-A
P3055.jpg,MaxPro
P3056.jpg,Neuro-B
P3057.jpg,Anitip
P3058.jpg,Flugat
P3059.jpg,Nexum
P3060.jpg,Neuro-B
P3061.jpg,Calcor-D
P3062.jpg,Anitip
P3063.jpg,Fenix-V
P3064.jpg,Neuro-B
P3065.jpg,Barbit
P3066.jpg,Fenix-V
P3067.jpg,Calcor-D
P3068.jpg,Seclo
P3069.jpg,Neuro-B
P3070.jpg,Nucef-CV
P3071.jpg,Montene
P3072.jpg,Geston
P3073.jpg,Calcor-D
P3074.jpg,Nexum
P3075.jpg,Algin
P3076.jpg,Neuro-B
P3077.jpg,Arlin
P3078.jpg,Maxima
P3079.jpg,Dexilend
P3080.jpg,Ofran
P3081.jpg,Anitip
P3082.jpg,Neuro-B
P3083.jpg,Calcor-D
P3084.jpg,Naprox
P3085.jpg,Neuro-B
P3086.jpg,Calbo-D
P3087.jpg,Zesup
P3088.jpg,Esprazo
P3089.jpg,Naprox Plus
P3090.jpg,Neuro-B
P3091.jpg,Calcor-D
P3092.jpg,Fremit
P3093.jpg,Nexum
P3094.jpg,Neuro-B
P3095.jpg,Algin
P3096.jpg,Meropenem
P3097.jpg,Metronidazole
P3098.jpg,Dexa
P3099.jpg,Histacin
P3100.jpg,Reset
P3101.jpg,Ceftriaxone
P3102.jpg,Metro 
P3103.jpg,Linatin
P3104.jpg,Telecordip plus
P3105.jpg,Biscor
P3106.jpg,RTV
P3107.jpg,Ecosprin
P3108.jpg,Heranor
P3109.jpg,Fenadin
P3110.jpg,Monas
P3111.jpg,Ceftriaxone
P3112.jpg,Paracetamol
P3113.jpg,Omeprazole
P3114.jpg,Fexofenadine
P3115.jpg,Montelukast
P3116.jpg,Lumana plus
P3117.jpg,Paracetamol
P3118.jpg,Omeprazole
P3119.jpg,Fexofast
P3120.jpg,Monas
P3121.jpg,Thyrox
P3122.jpg,Bislol
P3123.jpg,Bizoran
P3124.jpg,Paracetamol
P3125.jpg,Omeprazole
P3126.jpg,Fexofast
P3127.jpg,Monas
P3128.jpg,Thyrox
P3129.jpg,Bislol
P3130.jpg,Bizoran
P3131.jpg,Fluelox
P3132.jpg,Traxyl
P3133.jpg,Montelukast
P3134.jpg,Omeprazole
P3135.jpg,Thyrox
P3136.jpg,Bislol
P3137.jpg,Bizoran
P3138.jpg,Ceftriaxone
P3139.jpg,Napa
P3140.jpg,Biltin
P3141.jpg,Rynuxo
P3142.jpg,Biltin
P3143.jpg,Tmiptin
P3144.jpg,Lindac
P3145.jpg,Matina
P3146.jpg,Napa
P3147.jpg,Nurnal
P3148.jpg,Napa
P3149.jpg,Napa
P3150.jpg,Cefixim
P3151.jpg,Maxima
P3152.jpg,Alatrof
P3153.jpg,Timptin
P3154.jpg,Fenadin
P3155.jpg,Lindac
P3156.jpg,Matina
P3157.jpg,Napa
P3158.jpg,Napa
P3159.jpg,Cafixim
P3160.jpg,Maxima
P3161.jpg,Dexin
P3162.jpg,Resfazit
P3163.jpg,Minnate
P3164.jpg,Regular
P3165.jpg,Svcset
P3166.jpg,Dimex
P3167.jpg,Ceftriaxone
P3168.jpg,Metro
P3169.jpg,Rolac
P3170.jpg,Ketorolac
P3171.jpg,Omeprazole
P3172.jpg,Biltant
P3173.jpg,M.kant
P3174.jpg,Doxicap
P3175.jpg,Trerox
P3176.jpg,Emep
P3177.jpg,Alcet
P3178.jpg,Ace power
P3179.jpg,Bilozin
P3180.jpg,Ruotinl
P3181.jpg,Glasin
P3182.jpg,Rolac
P3183.jpg,Triject
P3184.jpg,Aropens
P3185.jpg,Emep
P3186.jpg,Renova
P3187.jpg,Alcef
P3188.jpg,Ceevit
P3189.jpg,Aropen
P3190.jpg,Alcef
P3191.jpg,Doxycap
P3192.jpg,Napa
P3193.jpg,Trevox
P3194.jpg,Napa
P3195.jpg,Alcet
P3196.jpg,Napa
P3197.jpg,Xone-B
P3198.jpg,Ceftriaxone
P3199.jpg,Fexofenadine
P3200.jpg,Napa
P3201.jpg,Fexofenadine
P3202.jpg,Autazol
P3203.jpg,Omeprazole
P3204.jpg,Indever
P3205.jpg,Fuclav
P3206.jpg,Fuclav
P3207.jpg,Napa
P3208.jpg,Omeprazole
P3209.jpg,Histol
P3210.jpg,Voltalin
P3211.jpg,Montinex
P3212.jpg,Fexofast
P3213.jpg,Cefaxine
P3214.jpg,Ayim
P3215.jpg,Rolac
P3216.jpg,Fexo
P3217.jpg,Maxpro
P3218.jpg,Fexo
P3219.jpg,Cefixime
P3220.jpg,Omeprazole
P3221.jpg,Fixal
P3222.jpg,Napa
P3223.jpg,Micoral gel
P3224.jpg,Actrapid
P3225.jpg,Abasaglar
P3226.jpg,Denoxidov
P3227.jpg,Fixcef
P3228.jpg,Omep
P3229.jpg,Cetaclav
P3230.jpg,Ketorolac
P3231.jpg,Sergel
P3232.jpg,Histacin
P3233.jpg,Voltalin
P3234.jpg,ciprox
P3235.jpg,Flamex
P3236.jpg,Fexofenadine
P3237.jpg,Glyset vita
P3238.jpg,Meropenem
P3239.jpg,Omep
P3240.jpg,Emistat
P3241.jpg,Anodol
P3242.jpg,Napa
P3243.jpg,Paloxi
P3244.jpg,Insulin R
P3245.jpg,Vibrenta
P3246.jpg,Clopid
P3247.jpg,Tiginor
P3248.jpg,Niobcard Rtd
P3249.jpg,Meropenem
P3250.jpg,Napa
P3251.jpg,Omeprazole
P3252.jpg,Emistat
P3253.jpg,Anadol
P3254.jpg,Voltalin
P3255.jpg,Clopid
P3256.jpg,Tiginor
P3257.jpg,Niobcard Rtd
P3258.jpg,Insulin R
P3259.jpg,Meropenem
P3260.jpg,Omeprazole
P3261.jpg,Emistat
P3262.jpg,Anadol
P3263.jpg,Voltalin
P3264.jpg,Anlin
P3265.jpg,Cotnim
P3266.jpg,Omep
P3267.jpg,Tnaxyl
P3268.jpg,Algin
P3269.jpg,Napa
P3270.jpg,Xinc B
P3271.jpg,Emistat
P3272.jpg,Tnaxyl
P3273.jpg,Ceevit
P3274.jpg,Xinc B
P3275.jpg,Nacl
P3276.jpg,Algin
P3277.jpg,Omep
P3278.jpg,Cotnim
P3279.jpg,Ceftriaxone
P3280.jpg,Anadol
P3281.jpg,Emistat
P3282.jpg,Omeprazole
P3283.jpg,Nalbun-Z
P3284.jpg,Ceftriaxone
P3285.jpg,Metronidazole
P3286.jpg,Omeprazole
P3287.jpg,Nalbun 
P3288.jpg,Vergon
P3289.jpg,Rolac
P3290.jpg,Ceftriaxone
P3291.jpg,Metronidazole
P3292.jpg,Omeprazole
P3293.jpg,Emistat
P3294.jpg,Rolac
P3295.jpg,Voltalin
P3296.jpg,Meropenem
P3297.jpg,Omeprazole
P3298.jpg,Emistat
P3299.jpg,Rolac
P3300.jpg,Monas
P3301.jpg,Fexo
P3302.jpg,Voltalin
P3303.jpg,Emistat
P3304.jpg,Rolac
P3305.jpg,Voltalin
P3306.jpg,Mexpro
P3307.jpg,Ceftriaxone
P3308.jpg,Metronidazole
P3309.jpg,Omeprazole
P3310.jpg,Emistat
P3311.jpg,Pethidine
P3312.jpg,Emistat
P3313.jpg,Rolac
P3314.jpg,Napa
P3315.jpg,Voltalin
P3316.jpg,Ceftriaxone
P3317.jpg,Metronidazole
P3318.jpg,Omeprazole
P3319.jpg,Emistat
P3320.jpg,Rolac
P3321.jpg,Voltalin
P3322.jpg,Ceftriaxone
P3323.jpg,Metronidazole
P3324.jpg,Omeprazole
P3325.jpg,Emistat
P3326.jpg,Voltalin
P3327.jpg,Ceftriaxone
P3328.jpg,Metronidazole
P3329.jpg,Ketorolac
P3330.jpg,Omeprazole
P3331.jpg,Pethidine
P3332.jpg,Emistat
P3333.jpg,Voltalin
P3334.jpg,Hastaol
P3335.jpg,Ceftriaxone
P3336.jpg,Omeprazole
P3337.jpg,Rivotril
P3338.jpg,Duralax
P3339.jpg,Meropenem
P3340.jpg,Metronidazole
P3341.jpg,Omeprazole
P3342.jpg,Rolac
P3343.jpg,Napa
P3344.jpg,Ambrox
P3345.jpg,Monas
P3346.jpg,Ceftriaxone
P3347.jpg,Metronidazole
P3348.jpg,Omeprazole
P3349.jpg,Rolac
P3350.jpg,Napa
P3351.jpg,Emistat
P3352.jpg,Ambrox
P3353.jpg,Fexo
P3354.jpg,Monas
P3355.jpg,Voltalin
P3356.jpg,Napa
P3357.jpg,Napa
P3358.jpg,Omeprazole
P3359.jpg,Colistin
P3360.jpg,Napa
P3361.jpg,Omidon
P3362.jpg,Omeprazole
P3363.jpg,Anadol
P3364.jpg,Napa
P3365.jpg,Anadol
P3366.jpg,Omeprazole
P3367.jpg,Ceftriaxone
P3368.jpg,Anadol
P3369.jpg,Emistat
P3370.jpg,Omeprazole
P3371.jpg,Ceftriaxone
P3372.jpg,Anadol
P3373.jpg,Napa
P3374.jpg,Omeprazole
P3375.jpg,Emistat
P3376.jpg,Nalbun
P3377.jpg,Algin
P3378.jpg,Omeprazole
P3379.jpg,Ceevit
P3380.jpg,Xinc B
P3381.jpg,Xinc B
P3382.jpg,Actrapid
P3383.jpg,Omeprazole
P3384.jpg,Ceftriaxone
P3385.jpg,Ketorolac
P3386.jpg,Napa
P3387.jpg,Emistat
P3388.jpg,Mesacol
P3389.jpg,Fimoxyclav
P3390.jpg,Rivotril
P3391.jpg,Omeprazole
P3392.jpg,Levothyroxine
P3393.jpg,Entecavir
P3394.jpg,Nutridex
P3395.jpg,Nutridex
P3396.jpg,Aminosol
P3397.jpg,Fatisol
P3398.jpg,Meropenem
P3399.jpg,Algin
P3400.jpg,Omeprazole
P3401.jpg,Emistat
P3402.jpg,Ambrox
P3403.jpg,Fexo
P3404.jpg,Aminosol
P3405.jpg,Meropenem
P3406.jpg,Napa
P3407.jpg,Omeprazole
P3408.jpg,Algin
P3409.jpg,Actrapid
P3410.jpg,Napa
P3411.jpg,Emistat
P3412.jpg,Ascoson
P3413.jpg,V-plex
P3414.jpg,Mesacol
P3415.jpg,Algin
P3416.jpg,Actrapid
P3417.jpg,Napa
P3418.jpg,Actrapid
P3419.jpg,Algin
P3420.jpg,Diabetic
P3421.jpg,Diet
P3422.jpg,Actrapid
P3423.jpg,Lantus
P3424.jpg,Ceftriaxone
P3425.jpg,Omeprazole
P3426.jpg,Emistat
P3427.jpg,Anadol
P3428.jpg,Napa
P3429.jpg,Diabetic
P3430.jpg,Diet
P3431.jpg,Aminosol
P3432.jpg,Actrapid
P3433.jpg,Lantus
P3434.jpg,Meropenem
P3435.jpg,Napa
P3436.jpg,Omeprazole
P3437.jpg,Napa
P3438.jpg,Algin
P3439.jpg,Tablet
P3440.jpg,Tablet
P3441.jpg,Diet
P3442.jpg,Capsule
P3443.jpg,Omeprazole
P3444.jpg,Diet
P3445.jpg,Capsule
P3446.jpg,Omeprazole
P3447.jpg,Napa
P3448.jpg,Tablet
P3449.jpg,Capsule
P3450.jpg,Omeprazole
P3451.jpg,Tablet
P3452.jpg,Omidon
P3453.jpg,Voltalin
P3454.jpg,Tablet
P3455.jpg,Omidon
P3456.jpg,Capsule
P3457.jpg,Omeprazole
P3458.jpg,Tablet
P3459.jpg,Napa
P3460.jpg,Tablet
P3461.jpg,Algin
P3462.jpg,Tablet
P3463.jpg,Nacl
P3464.jpg,Tablet
P3465.jpg,Omidon
P3466.jpg,Capsule
P3467.jpg,Omeprazole
P3468.jpg,Tablet
P3469.jpg,Algin
P3470.jpg,Omeprazole
P3471.jpg,Injection
P3472.jpg,Ceftriaxone
P3473.jpg,Metronidazole
P3474.jpg,Algin
P3475.jpg,Injection
P3476.jpg,Ketorolac
P3477.jpg,Injection
P3478.jpg,Omeprazole
P3479.jpg,Emistat
P3480.jpg,Algin
P3481.jpg,Injection
P3482.jpg,Napa
P3483.jpg,Nalbun - 2
P3484.jpg,Emistat
P3485.jpg,Rivarox
P3486.jpg,Edeloss
P3487.jpg,Tablet
P3488.jpg,Tablet
P3489.jpg,Endever
P3490.jpg,Meropen
P3491.jpg,Omeprazole
P3492.jpg,Anadol
P3493.jpg,Emistat
P3494.jpg,Voltalin
P3495.jpg,Anadol
P3496.jpg,Omeprazole
P3497.jpg,Emistat
P3498.jpg,Voltalin
P3499.jpg,Actrapid
P3500.jpg,Napa
P3501.jpg,Injection
P3502.jpg,Injection
P3503.jpg,Omeprazole
P3504.jpg,Injection
P3505.jpg,Meropenem
P3506.jpg,Rolac
P3507.jpg,Meropenem
P3508.jpg,Rolac
P3509.jpg,Omeprazole
P3510.jpg,Napa
P3511.jpg,Rolac
P3512.jpg,Fimoxyclav
P3513.jpg,Rolac
P3514.jpg,Napa
P3515.jpg,Omeprazole
P3516.jpg,Capsule
P3517.jpg,Injection
P3518.jpg,Actrapid
P3519.jpg,Diabetic
P3520.jpg,Diet
P3521.jpg,Kacin
P3522.jpg,Meropen
P3523.jpg,Capsule
P3524.jpg,Omeprazole
P3525.jpg,Capsule
P3526.jpg,Anadol
P3527.jpg,Emistat
P3528.jpg,Hemofix
P3529.jpg,Tablet
P3530.jpg,Tablet
P3531.jpg,Vasco
P3532.jpg,Voltalin
P3533.jpg,Cefuroximee
P3534.jpg,Kacin
P3535.jpg,Omeprazole
P3536.jpg,Nalbun - 2
P3537.jpg,Emistat
P3538.jpg,Emistat
P3539.jpg,Voltalin
P3540.jpg,Meropenem
P3541.jpg,Rolac
P3542.jpg,Omeprazole
P3543.jpg,Actrapid
P3544.jpg,Diabetic
P3545.jpg,Diet
P3546.jpg,Cefuroximee
P3547.jpg,Kacin
P3548.jpg,Omeprazole
P3549.jpg,Anadol
P3550.jpg,Capsule
P3551.jpg,Tablet
P3552.jpg,Emistat
P3553.jpg,Emistat
P3554.jpg,Voltalin
P3555.jpg,Diet
P3556.jpg,Solupred
P3557.jpg,Arlin
P3558.jpg,Fluclox
P3559.jpg,Syrup
P3560.jpg,Syrup
P3561.jpg,Injection
P3562.jpg,Omeprazole
P3563.jpg,Diet
P3564.jpg,Injection
P3565.jpg,Ceftriaxone
P3566.jpg,Injection
P3567.jpg,Flucloxacillin
P3568.jpg,Injection
P3569.jpg,Emistat
P3570.jpg,Injection
P3571.jpg,Napa
P3572.jpg,Syrup
P3573.jpg,Napa
P3574.jpg,Injection
P3575.jpg,Injection
P3576.jpg,Emistat
P3577.jpg,Syrup
P3578.jpg,Napa
P3579.jpg,Napa
P3580.jpg,Ceftriaxone
P3581.jpg,Injection
P3582.jpg,Injection
P3583.jpg,Flucloxacillin
P3584.jpg,Emistat
P3585.jpg,Syrup
P3586.jpg,Napa
P3587.jpg,Napa
P3588.jpg,Diet
P3589.jpg,Ceftriaxone
P3590.jpg,Injection
P3591.jpg,Injection
P3592.jpg,Syrup
P3593.jpg,Fluclox
P3594.jpg,Syrup
P3595.jpg,Arlin
P3596.jpg,Meropenem
P3597.jpg,Iracet
P3598.jpg,Lasix
P3599.jpg,Syrup
P3600.jpg,Valex
P3601.jpg,Topmate
P3602.jpg,Fluclox
P3603.jpg,Omeprazole
P3604.jpg,Diet
P3605.jpg,Ceftriaxone
P3606.jpg,Napa
P3607.jpg,Ceftriaxone
P3608.jpg,Napa
P3609.jpg,Napa
P3610.jpg,Ceftriaxone
P3611.jpg,Napa
P3612.jpg,Injection
P3613.jpg,Syrup
P3614.jpg,Syrup
P3615.jpg,Xinc
P3616.jpg,Syrup
P3617.jpg,V-plex
P3618.jpg,Capsule
P3619.jpg,Retinol
P3620.jpg,Injection
P3621.jpg,Iracet
P3622.jpg,Injection
P3623.jpg,Iracet
P3624.jpg,Follison
P3625.jpg,Syrup
P3626.jpg,Napa
P3627.jpg,Diet
P3628.jpg,Ceftriaxone
P3629.jpg,Napa
P3630.jpg,Diet
P3631.jpg,Injection
P3632.jpg,Ceftriaxone
P3633.jpg,Injection
P3634.jpg,Lasix
P3635.jpg,Nifin SR
P3636.jpg,Nidipine SR
P3637.jpg,Injection
P3638.jpg,Algin
P3639.jpg,Lasix
P3640.jpg,Injection
P3641.jpg,CBC
P3642.jpg,Nifin SR
P3643.jpg,Tablet
P3644.jpg,Diet
P3645.jpg,Injection
P3646.jpg,Ceftriaxone
P3647.jpg,Lasix
P3648.jpg,Nifin SR
P3649.jpg,Diet
P3650.jpg,Ceftriaxone
P3651.jpg,Cotrim
P3652.jpg,Emistat
P3653.jpg,Diet
P3654.jpg,Cefuroximee
P3655.jpg,Injection
P3656.jpg,Omeprazole
P3657.jpg,Cotson
P3658.jpg,V-plex
P3659.jpg,Ceftriaxone
P3660.jpg,Cotrim
P3661.jpg,Emistat
P3662.jpg,Vorifast
P3663.jpg,Diet
P3664.jpg,Remac
P3665.jpg,Napa
P3666.jpg,Fexo
P3667.jpg,Tablet
P3668.jpg,Diet
P3669.jpg,Remac
P3670.jpg,Syrup
P3671.jpg,Napa
P3672.jpg,Diet
P3673.jpg,Injection
P3674.jpg,Meropenem
P3675.jpg,Injection
P3676.jpg,Napa
P3677.jpg,Nebulization
P3678.jpg,Nacl
P3679.jpg,CBC
P3680.jpg,Diet
P3681.jpg,Injection
P3682.jpg,CBC
P3683.jpg,CBC
P3684.jpg,CRP
P3685.jpg,Diet
P3686.jpg,Meropenem
P3687.jpg,Kacin
P3688.jpg,Nebulization
P3689.jpg,Napa
P3690.jpg,Drop
P3691.jpg,Diet
P3692.jpg,Normal
P3693.jpg,Injection
P3694.jpg,Ceftriaxone
P3695.jpg,Injection
P3696.jpg,Metronidazole
P3697.jpg,Injection
P3698.jpg,Fimoxyl
P3699.jpg,Tablet
P3700.jpg,Rifagut
P3701.jpg,Tablet
P3702.jpg,Tablet
P3703.jpg,Capsule
P3704.jpg,Flugal
P3705.jpg,Tablet
P3706.jpg,Capsule
P3707.jpg,Omeprazole
P3708.jpg,Tablet
P3709.jpg,Ursocol
P3710.jpg,Tablet
P3711.jpg,Folison
P3712.jpg,Capsule
P3713.jpg,Hydronix
P3714.jpg,Capsule
P3715.jpg,Syrup
P3716.jpg,Avolac
P3717.jpg,Tablet
P3718.jpg,Diet
P3719.jpg,Ceftadixime
P3720.jpg,Amikacin
P3721.jpg,Injection
P3722.jpg,CBC
P3723.jpg,CRP
P3724.jpg,RBS
P3725.jpg,Diet
P3726.jpg,Diet
P3727.jpg,Imipenem
P3728.jpg,Vancomycin
P3729.jpg,Emistat
P3730.jpg,Histacin
P3731.jpg,Syrup
P3732.jpg,Syrup
P3733.jpg,Napa
P3734.jpg,Drop
P3735.jpg,Nasal
P3736.jpg,Vancomycin
P3737.jpg,Iracet
P3738.jpg,Histacin
P3739.jpg,Syrup
P3740.jpg,Micoral gel
P3741.jpg,Nasal
P3742.jpg,Drop
P3743.jpg,Norsol
P3744.jpg,Napa
P3745.jpg,Injection
P3746.jpg,Iracet
P3747.jpg,Emistat
P3748.jpg,Diet
P3749.jpg,Normal
P3750.jpg,Tablet
P3751.jpg,Ursocol
P3752.jpg,Tablet
P3753.jpg,Folison
P3754.jpg,Capsule
P3755.jpg,Tablet
P3756.jpg,Algin
P3757.jpg,Capsule
P3758.jpg,Omeprazole
P3759.jpg,Avolac
P3760.jpg,Syrup
P3761.jpg,CBC
P3762.jpg,CRP
P3763.jpg,Blood
P3764.jpg,RBS
P3765.jpg,Meropenem
P3766.jpg,Injection
P3767.jpg,Napa
P3768.jpg,Nebulization
P3769.jpg,Norsol
P3770.jpg,Nasal
P3771.jpg,Drop
P3772.jpg,Drop
P3773.jpg,Iracet
P3774.jpg,Injection
P3775.jpg,Emistat
P3776.jpg,Histacin
P3777.jpg,Micoral gel
P3778.jpg,Injection
P3779.jpg,Imipenem
P3780.jpg,Vancomycin
P3781.jpg,Neurocet
P3782.jpg,Injection
P3783.jpg,Emistat
P3784.jpg,Syrup
P3785.jpg,Histacin
P3786.jpg,Micoral gel
P3787.jpg,Norsol
P3788.jpg,Nasal
P3789.jpg,Drop
P3790.jpg,Tazid
P3791.jpg,Injection
P3792.jpg,Injection
P3793.jpg,Kacin
P3794.jpg,Omeprazole
P3795.jpg,Injection
P3796.jpg,Injection
P3797.jpg,Napa
P3798.jpg,Syrup
P3799.jpg,Napa
P3800.jpg,CRP
P3801.jpg,ERP
P3802.jpg,Injection
P3803.jpg,Meropen 
P3804.jpg,Vancomycin
P3805.jpg,Omeprazole
P3806.jpg,Injection
P3807.jpg,Napa
P3808.jpg,Syrup
P3809.jpg,Syrup
P3810.jpg,Morphin
P3811.jpg,Omeprazole
P3812.jpg,Napa
P3813.jpg,Cotrim
P3814.jpg,Avolac
P3815.jpg,CBC
P3816.jpg,CRP
P3817.jpg,Napa
P3818.jpg,Ceftron
P3819.jpg,Tablet
P3820.jpg,Napa
P3821.jpg,Omeprazole
P3822.jpg,Libott-S JR
P3823.jpg,Proliv
P3824.jpg,Injection
P3825.jpg,Napa
P3826.jpg,Injection
P3827.jpg,Traxyl
P3828.jpg,Omeprazole
P3829.jpg,Caprodycin
P3830.jpg,Tablet
P3831.jpg,Napa
P3832.jpg,Syrup
P3833.jpg,Cotrim
P3834.jpg,Syrup
P3835.jpg,Avolac
P3836.jpg,Xinc
P3837.jpg,Calbo D
P3838.jpg,Napa
P3839.jpg,Xinc
P3840.jpg,Calbo D
P3841.jpg,Folison
P3842.jpg,Tablet
P3843.jpg,Tablet
P3844.jpg,Tablet
P3845.jpg,Capsule
P3846.jpg,Omeprazole
P3847.jpg,Tablet
P3848.jpg,Monas
P3849.jpg,Albumin
P3850.jpg,Nacl
P3851.jpg,Lasix
P3852.jpg,Napa
P3853.jpg,Ceftriaxone
P3854.jpg,Injection
P3855.jpg,Injection
P3856.jpg,Amikacin
P3857.jpg,Napa
P3858.jpg,Meropenem
P3859.jpg,Napa
P3860.jpg,Syrup
P3861.jpg,Napa
P3862.jpg,Avolac
P3863.jpg,Meropenem
P3864.jpg,Napa
P3865.jpg,Avolac
P3866.jpg,Trizon
P3867.jpg,Fluclox
P3868.jpg,Rolac
P3869.jpg,Sergel
P3870.jpg,Capsule
P3871.jpg,Tablet
P3872.jpg,Voltalin
P3873.jpg,Meropenem
P3874.jpg,Ansulin
P3875.jpg,Tablet
P3876.jpg,Napa
P3877.jpg,Tablet
P3878.jpg,Maxpro
P3879.jpg,Axim
P3880.jpg,Rolac
P3881.jpg,Seclo
P3882.jpg,Histacin
P3883.jpg,Fluclox
P3884.jpg,Rolac
P3885.jpg,Calbo  
P3886.jpg,Omep 
P3887.jpg,Histal
P3888.jpg,Flamex
P3889.jpg,Rolac
P3890.jpg,Cefaclav
P3891.jpg,Ketorolac
P3892.jpg,Tablet
P3893.jpg,Sergel
P3894.jpg,Tablet
P3895.jpg,Histacin
P3896.jpg,Fluclox
P3897.jpg,Capsule
P3898.jpg,Tablet
P3899.jpg,Normal
P3900.jpg,Tablet
P3901.jpg,Rolac
P3902.jpg,Tablet
P3903.jpg,Vifas
P3904.jpg,Normal
P3905.jpg,Diet
P3906.jpg,Tablet
P3907.jpg,Napa
P3908.jpg,Rolac
P3909.jpg,Omep
P3910.jpg,Fluclox
P3911.jpg,Ace
P3912.jpg,Tablet
P3913.jpg,Tablet
P3914.jpg,Xinc B
P3915.jpg,Fluclox
P3916.jpg,Tablet
P3917.jpg,Ketorolac
P3918.jpg,Omeprazole
P3919.jpg,Tablet
P3920.jpg,Histacin
P3921.jpg,Ceftriaxone
P3922.jpg,Rolac
P3923.jpg,Omep
P3924.jpg,Roxadex
P3925.jpg,Voltalin
P3926.jpg,Histacin
P3927.jpg,Rolac
P3928.jpg,Omeprazole
P3929.jpg,Fexo
P3930.jpg,Ceevit
P3931.jpg,Voltalin
P3932.jpg,Torex
P3933.jpg,Voltalin
P3934.jpg,Omeprazole
P3935.jpg,Rolac
P3936.jpg,Injection
P3937.jpg,Omeprazole
P3938.jpg,Voltalin
P3939.jpg,Normal
P3940.jpg,Tablet
P3941.jpg,Napa
P3942.jpg,Tablet
P3943.jpg,Ketorolac
P3944.jpg,Fexofenadinee
P3945.jpg,Capsule
P3946.jpg,Omep
P3947.jpg,Diet
P3948.jpg,Normal
P3949.jpg,Tablet
P3950.jpg,Cefuroximee
P3951.jpg,Paracetamol
P3952.jpg,Tablet
P3953.jpg,Capsule
P3954.jpg,Omeprazole
P3955.jpg,Tablet
P3956.jpg,Tablet
P3957.jpg,Normal
P3958.jpg,Neptor
P3959.jpg,Emep
P3960.jpg,Alcet
P3961.jpg,Bicozin
P3962.jpg,Ceftriaxone
P3963.jpg,Tablet
P3964.jpg,Ketorolac
P3965.jpg,Omeprazole
P3966.jpg,Montair
P3967.jpg,Injection
P3968.jpg,Emep
P3969.jpg,Alcet
P3970.jpg,Tablet
P3971.jpg,Normal
P3972.jpg,Diet
P3973.jpg,Injection
P3974.jpg,Meropenem
P3975.jpg,Metronidazole
P3976.jpg,Injection
P3977.jpg,Dexa
P3978.jpg,Syrup
P3979.jpg,Histacin
P3980.jpg,Syrup
P3981.jpg,Normal
P3982.jpg,Injection
P3983.jpg,Ceftriaxone
P3984.jpg,Tablet
P3985.jpg,Rolac
P3986.jpg,Omeprazole
P3987.jpg,Fenadin
P3988.jpg,Tablet
P3989.jpg,Tablet
P3990.jpg,Monas
P3991.jpg,Normal
P3992.jpg,Diet
P3993.jpg,Flux
P3994.jpg,Syrup
P3995.jpg,CBC
P3996.jpg,RBS
P3997.jpg,ECG
P3998.jpg,Diet
P3999.jpg,Syrup
P4000.jpg,Injection
P4001.jpg,Syrup
P4002.jpg,Flux
P4003.jpg,Syrup
P4004.jpg,Napa
P4005.jpg,Famolack
P4006.jpg,Nasal
P4007.jpg,Drop
P4008.jpg,Furotil Plus
P4009.jpg,Rolac
P4010.jpg,Fexo
P4011.jpg,Omeprazole
P4012.jpg,Xinc B
P4013.jpg,Voltalin
P4014.jpg,Diet
P4015.jpg,Normal
P4016.jpg,Tablet
P4017.jpg,Histal
P4018.jpg,Tablet
P4019.jpg,M-Kast
P4020.jpg,Tablet
P4021.jpg,Cortan
P4022.jpg,Emep
P4023.jpg,Telmicard
P4024.jpg,Tablet
P4025.jpg,Tablet
P4026.jpg,Levofloxacin
P4027.jpg,Diet
P4028.jpg,Normal
P4029.jpg,Ceftriaxone
P4030.jpg,Injection
P4031.jpg,Injection
P4032.jpg,Cosec
P4033.jpg,Tablet
P4034.jpg,Tablet
P4035.jpg,Napa
P4036.jpg,Sergel
P4037.jpg,Omidon
P4038.jpg,Tablet
P4039.jpg,Fexofast
P4040.jpg,Tablet
P4041.jpg,Pantonix
P4042.jpg,Tablet
P4043.jpg,Ace
P4044.jpg,Tablet
P4045.jpg,Fexofast
P4046.jpg,Capsule
P4047.jpg,DDR
P4048.jpg,Tablet
P4049.jpg,Brain.V
P4050.jpg,Brain.V
P4051.jpg,Fluma
P4052.jpg,Syrup
P4053.jpg,Flamex
P4054.jpg,Diet
P4055.jpg,Diabetic
P4056.jpg,Injection
P4057.jpg,Ceftriaxone
P4058.jpg,Metro
P4059.jpg,Tablet
P4060.jpg,Unatin
P4061.jpg,Tablet
P4062.jpg,Tablet
P4063.jpg,Biscor
P4064.jpg,Tablet
P4065.jpg,RTV
P4066.jpg,Tablet
P4067.jpg,Ecosprin
P4068.jpg,Capsule
P4069.jpg,Hepanor
P4070.jpg,Tablet
P4071.jpg,Diet
P4072.jpg,Normal
P4073.jpg,Tablet
P4074.jpg,Cefuroxime
P4075.jpg,Tablet
P4076.jpg,Paracetamol
P4077.jpg,Capsule
P4078.jpg,Omeprazole
P4079.jpg,Tablet
P4080.jpg,Fexofenadinee
P4081.jpg,Tablet
P4082.jpg,Montelukast
P4083.jpg,Lumona
P4084.jpg,Diet
P4085.jpg,Diet
P4086.jpg,Alrin
P4087.jpg,Diet
P4088.jpg,Normal
P4089.jpg,Tablet
P4090.jpg,Paracetamol
P4091.jpg,Capsule
P4092.jpg,Omeprazole
P4093.jpg,Tablet
P4094.jpg,Fexofast
P4095.jpg,Tablet
P4096.jpg,Monas
P4097.jpg,Tablet
P4098.jpg,Thyrox
P4099.jpg,Tablet
P4100.jpg,Bislol
P4101.jpg,Tablet
P4102.jpg,Bizoran
P4103.jpg,Diet
P4104.jpg,Normal
P4105.jpg,Tablet
P4106.jpg,Paracetamol
P4107.jpg,Capsule
P4108.jpg,Omeprazole
P4109.jpg,Tablet
P4110.jpg,Fexofast
P4111.jpg,Tablet
P4112.jpg,Monas
P4113.jpg,Tablet
P4114.jpg,Thyrox
P4115.jpg,Tablet
P4116.jpg,Bislol
P4117.jpg,Tablet
P4118.jpg,Bizoran
P4119.jpg,Diet
P4120.jpg,Normal
P4121.jpg,Ceftriaxone
P4122.jpg,Fluclox
P4123.jpg,Capsule
P4124.jpg,Traxyl
P4125.jpg,Omeprazole
P4126.jpg,Thyrox
P4127.jpg,Bislol
P4128.jpg,Normal
P4129.jpg,Tablet
P4130.jpg,Napa
P4131.jpg,Biltin
P4132.jpg,Diet
P4133.jpg,Lindac
P4134.jpg,Maxima
P4135.jpg,Napa
P4136.jpg,Normal
P4137.jpg,Tablet
P4138.jpg,Napa
P4139.jpg,Tablet
P4140.jpg,Napa
P4141.jpg,Normal
P4142.jpg,Capsule
P4143.jpg,Maxima
P4144.jpg,Alatrol
P4145.jpg,Diet
P4146.jpg,Triptin
P4147.jpg,Lindac
P4148.jpg,Maxima
P4149.jpg,Napa
P4150.jpg,Tablet
P4151.jpg,Napa
P4152.jpg,Cefixime
P4153.jpg,Maxima
P4154.jpg,Capsule
P4155.jpg,Tablet
P4156.jpg,Dexcin
P4157.jpg,Tablet
P4158.jpg,Respazit
P4159.jpg,Tablet
P4160.jpg,Nimifete
P4161.jpg,Capsule
P4162.jpg,Regler
P4163.jpg,Sucsef
P4164.jpg,Dia-K
P4165.jpg,Ceftriaxone
P4166.jpg,Injection
P4167.jpg,Injection
P4168.jpg,Metro
P4169.jpg,Injection
P4170.jpg,Rolac
P4171.jpg,Ketorolac
P4172.jpg,Injection
P4173.jpg,Omeprazole
P4174.jpg,Bildent
P4175.jpg,Tablet
P4176.jpg,Trevox
P4177.jpg,Emep
P4178.jpg,Alcet
P4179.jpg,Bicozin
P4180.jpg,Acemox
P4181.jpg,Glarine
P4182.jpg,Insulin R
P4183.jpg,Diet
P4184.jpg,Hartman
P4185.jpg,Triject
P4186.jpg,Rolac
P4187.jpg,Injection
P4188.jpg,Diabetic
P4189.jpg,Injection
P4190.jpg,Aropen
P4191.jpg,Emep
P4192.jpg,Renova
P4193.jpg,Alcet
P4194.jpg,Normal
P4195.jpg,Aropen
P4196.jpg,Injection
P4197.jpg,Emep
P4198.jpg,Tablet
P4199.jpg,Alcet
P4200.jpg,Ceevit
P4201.jpg,Tablet
P4202.jpg,Napa
P4203.jpg,Tablet
P4204.jpg,Xinc B
P4205.jpg,Ceftriaxone
P4206.jpg,Tablet
P4207.jpg,Fexofenadinee
P4208.jpg,Diet
P4209.jpg,Normal
P4210.jpg,Tablet
P4211.jpg,Napa
P4212.jpg,Capsule
P4213.jpg,Omeprazole
P4214.jpg,Tablet
P4215.jpg,Fexo
P4216.jpg,Antazol
P4217.jpg,Diet
P4218.jpg,Normal
P4219.jpg,Capsule
P4220.jpg,Omeprazole
P4221.jpg,Diet
P4222.jpg,Normal
P4223.jpg,Tablet
P4224.jpg,Fuclav
P4225.jpg,Tablet
P4226.jpg,Napa
P4227.jpg,Capsule
P4228.jpg,Omeprazole
P4229.jpg,Tablet
P4230.jpg,Histat
P4231.jpg,Suppository
P4232.jpg,Voltalin
P4233.jpg,Diet
P4234.jpg,Normal
P4235.jpg,Tablet
P4236.jpg,Fuclav
P4237.jpg,Tablet
P4238.jpg,Napa
P4239.jpg,Capsule
P4240.jpg,Omeprazole
P4241.jpg,Tablet
P4242.jpg,Histat
P4243.jpg,Suppository
P4244.jpg,Voltalin
P4245.jpg,Diet 
P4246.jpg,Normal
P4247.jpg,Fexofast
P4248.jpg,Cefuroxime
P4249.jpg,Tablet
P4250.jpg,Axim
P4251.jpg,Rolac
P4252.jpg,Tablet
P4253.jpg,Seclo
P4254.jpg,Fexo
P4255.jpg,Diet
P4256.jpg,Normal
P4257.jpg,Tablet
P4258.jpg,Maxpro
P4259.jpg,Tablet
P4260.jpg,Afrin
P4261.jpg,Nasal 
P4262.jpg,Drop
P4263.jpg,Diet
P4264.jpg,Diabetic
P4265.jpg,Capsule
P4266.jpg,Cefixime
P4267.jpg,Omeprazole
P4268.jpg,Tablet
P4269.jpg,Fixal
P4270.jpg,Tablet
P4271.jpg,Napa
P4272.jpg,Micoral gel
P4273.jpg,Actrapid
P4274.jpg,Abasaglar
P4275.jpg,Diet
P4276.jpg,Diabetic
P4277.jpg,Tablet
P4278.jpg,Demoxiclav
P4279.jpg,Tablet
P4280.jpg,Fixcel
P4281.jpg,Tablet
P4282.jpg,Omep 
P4283.jpg,Tablet
P4284.jpg,Cefaclav
P4285.jpg,Tablet
P4286.jpg,Ketorolac
P4287.jpg,Capsule
P4288.jpg,Sergel
P4289.jpg,Tablet
P4290.jpg,Histacin
P4291.jpg,Voltalin
P4292.jpg,Tofen
P4293.jpg,Syrup
P4294.jpg,Ceftriaxone
P4295.jpg,Voltalin
P4296.jpg,Suppository
P4297.jpg,Kefuclav
P4298.jpg,Tablet
P4299.jpg,Napa
P4300.jpg,Omep
P4301.jpg,Alcet
P4302.jpg,Tablet
P4303.jpg,Ceevit
P4304.jpg,Voltalin
P4305.jpg,Normal
P4306.jpg,Diet
P4307.jpg,Cortan
P4308.jpg,Maxpro
P4309.jpg,Biltin
P4310.jpg,Cotson
P4311.jpg,Diet
P4312.jpg,Injection
P4313.jpg,Sidobac
P4314.jpg,Tablet
P4315.jpg,Paracetamol
P4316.jpg,Tablet
P4317.jpg,Histacin
P4318.jpg,Capsule
P4319.jpg,Tablet
P4320.jpg,Ceevit
P4321.jpg,Tablet
P4322.jpg,Diet
P4323.jpg,Tablet
P4324.jpg,Napa
P4325.jpg,Filmet
P4326.jpg,Fexo
P4327.jpg,Tablet
P4328.jpg,Capsule
P4329.jpg,Omep
P4330.jpg,Sidobac
P4331.jpg,Glarine
P4332.jpg,Ketorolac
P4333.jpg,Omeprazole
P4334.jpg,Ometid
P4335.jpg,Napa
P4336.jpg,Insulin R
P4337.jpg,Cefuroxime
P4338.jpg,Metronidazole
P4339.jpg,Diet
P4340.jpg,Diabetic
P4341.jpg,Meropenem
P4342.jpg,Ronem
P4343.jpg,Flamex
P4344.jpg,Ibuprofen
P4345.jpg,Omeprazole
P4346.jpg,Dexamethason
P4347.jpg,Roxadex
P4348.jpg,Injection
P4349.jpg,Tablet
P4350.jpg,Fexofenadinee
P4351.jpg,Comet
P4352.jpg,Suppository
P4353.jpg,Voltalin
P4354.jpg,Ansulin  
P4355.jpg,Diet
P4356.jpg,Tablet
P4357.jpg,Neurobest
P4358.jpg,Tablet
P4359.jpg,Billi
P4360.jpg,Feryx
P4361.jpg,CBC
P4362.jpg,Rolac
P4363.jpg,Voltalin
P4364.jpg,Diet
P4365.jpg,Normal
P4366.jpg,Ceftriaxone
P4367.jpg,Omep
P4368.jpg,Roxadex
P4369.jpg,Rolac
P4370.jpg,Fluclox
P4371.jpg,Capsule
P4372.jpg,Injection
P4373.jpg,Ceftriaxone
P4374.jpg,Tablet
P4375.jpg,Capsule
P4376.jpg,Flamex
P4377.jpg,Tablet
P4378.jpg,Histacin
P4379.jpg,Voltalin
P4380.jpg,Antazol
P4381.jpg,Tablet
P4382.jpg,Revert
P4383.jpg,Tablet
P4384.jpg,Stemetil
P4385.jpg,Diet
P4386.jpg,Omeprazole
P4387.jpg,Injection
P4388.jpg,Napa
P4389.jpg,Maxpro
P4390.jpg,Maxsulin R
P4391.jpg,Flux
P4392.jpg,Tablet
P4393.jpg,Pair
P4394.jpg,Capsule
P4395.jpg,Emep
P4396.jpg,Tablet
P4397.jpg,Histacin
P4398.jpg,Tablet
P4399.jpg,Tablet
P4400.jpg,Rolac
P4401.jpg,Suppository
P4402.jpg,Voltalin
P4403.jpg,Maxpro
P4404.jpg,Injection
P4405.jpg,Ceftriaxone
P4406.jpg,Capsule
P4407.jpg,Capsule
P4408.jpg,Omeprazole
P4409.jpg,Injection
P4410.jpg,Injection
P4411.jpg,Rolac
P4412.jpg,Ceftriaxone
P4413.jpg,Injection
P4414.jpg,Omeprazole
P4415.jpg,Tablet
P4416.jpg,Napa
P4417.jpg,Xinc B
P4418.jpg,Fexofenadinee
P4419.jpg,Tablet
P4420.jpg,Diet
P4421.jpg,Normal
P4422.jpg,Ceftriaxone
P4423.jpg,Capsule
P4424.jpg,Fluclox
P4425.jpg,Traxyl
P4426.jpg,Fexofenadinee
P4427.jpg,Montelukast
P4428.jpg,Omeprazole
P4429.jpg,Thyrox
P4430.jpg,Tablet
P4431.jpg,Bislol
P4432.jpg,Bizoran
P4433.jpg,Diet
P4434.jpg,Normal
P4435.jpg,Injection
P4436.jpg,Ceftriaxone
P4437.jpg,Capsule
P4438.jpg,Fluclox
P4439.jpg,Traxyl
P4440.jpg,Fexofenadinee
P4441.jpg,Montelukast
P4442.jpg,Omeprazole
P4443.jpg,Thyrox
P4444.jpg,Bislol
P4445.jpg,Tablet
P4446.jpg,Bizoran
P4447.jpg,Ceftriaxone
P4448.jpg,Injection
P4449.jpg,Injection
P4450.jpg,Omeprazole
P4451.jpg,Ketorolac
P4452.jpg,Rupadin
P4453.jpg,Voltalin
P4454.jpg,Sedil
P4455.jpg,Ceftriaxone
P4456.jpg,Omeprazole
P4457.jpg,Voltalin
P4458.jpg,Injection
P4459.jpg,Diet
P4460.jpg,Diabetic
P4461.jpg,Ceftriaxone
P4462.jpg,Metro
P4463.jpg,Unatin
P4464.jpg,tab
P4465.jpg,tab
P4466.jpg,telcard
P4467.jpg,tab
P4468.jpg,Biscor
P4469.jpg,tab
P4470.jpg,rtv
P4471.jpg,tab
P4472.jpg,ecosprin
P4473.jpg,hepamore
P4474.jpg,cap
P4475.jpg,tab
P4476.jpg,fenadin
P4477.jpg,Ceftriaxone
P4478.jpg,Fluclox
P4479.jpg,cap
P4480.jpg,metro
P4481.jpg,tab
P4482.jpg,ketorolac
P4483.jpg,cap
P4484.jpg,omep
P4485.jpg,tab
P4486.jpg,fenadin
P4487.jpg,supp
P4488.jpg,voltalin
P4489.jpg,diet
P4490.jpg,diabetic
P4491.jpg,diabetic
P4492.jpg,meropenem
P4493.jpg,inj
P4494.jpg,ceftazidime
P4495.jpg,inj
P4496.jpg,actrapid
P4497.jpg,inj
P4498.jpg,glanine
P4499.jpg,tab
P4500.jpg,gaba p
P4501.jpg,tryptin
P4502.jpg,tab
P4503.jpg,tab
P4504.jpg,fenadin
P4505.jpg,tab
P4506.jpg,lindac
P4507.jpg,tab
P4508.jpg,matima
P4509.jpg,tab
P4510.jpg,linatab
P4511.jpg,supp
P4512.jpg,napa
P4513.jpg,omira
P4514.jpg,flucloxacillin
P4515.jpg,cap
P4516.jpg,tal
P4517.jpg,p/c
P4518.jpg,diet
P4519.jpg,cetaclav
P4520.jpg,flamex
P4521.jpg,tofen
P4522.jpg,nasal
P4523.jpg,drop
P4524.jpg,diet
P4525.jpg,normal
P4526.jpg,rolac
P4527.jpg,omeprazole
P4528.jpg,Fexofast
P4529.jpg,normal
P4530.jpg,diet
P4531.jpg,antazol
P4532.jpg,Cefuroximee
P4533.jpg,tab
P4534.jpg,diet
P4535.jpg,diabetic
P4536.jpg,renal
P4537.jpg,o2 inhalation
P4538.jpg,inj
P4539.jpg,merocil
P4540.jpg,inj
P4541.jpg,omeprazole
P4542.jpg,inj
P4543.jpg,emistat
P4544.jpg,inj
P4545.jpg,actrapid
P4546.jpg,inj
P4547.jpg,abasaglar
P4548.jpg,inj
P4549.jpg,anadol
P4550.jpg,arlin
P4551.jpg,tas
P4552.jpg,zinc b
P4553.jpg,tab
P4554.jpg,vitabion
P4555.jpg,tab
P4556.jpg,nacl
P4557.jpg,tab
P4558.jpg,sodibar
P4559.jpg,cap
P4560.jpg,dicaltrol
P4561.jpg,syp
P4562.jpg,avolu
P4563.jpg,nebulization
P4564.jpg,nebulization
P4565.jpg,windel plus
P4566.jpg,budicort
P4567.jpg,diet
P4568.jpg,diet
P4569.jpg,protein
P4570.jpg,cefazid
P4571.jpg,cosec
P4572.jpg,inj
P4573.jpg,nalbun
P4574.jpg,inj
P4575.jpg,emistat
P4576.jpg,voltalin
P4577.jpg,supp
P4578.jpg,tab
P4579.jpg,ceevit
P4580.jpg,tab
P4581.jpg,xinc b
P4582.jpg,tab
P4583.jpg,histacin
P4584.jpg,diet
P4585.jpg,diabetic
P4586.jpg,tab
P4587.jpg,nintoin sr
P4588.jpg,omeprazole
P4589.jpg,tab
P4590.jpg,p/c
P4591.jpg,tab
P4592.jpg,vitabin
P4593.jpg,tab
P4594.jpg,xinc b
P4595.jpg,actrapid
P4596.jpg,abasaglar
P4597.jpg,furoclav
P4598.jpg,syp
P4599.jpg,magni
P4600.jpg,diet
P4601.jpg,protein
P4602.jpg,diet
P4603.jpg,inj
P4604.jpg,ceftazidime
P4605.jpg,inj
P4606.jpg,emistat
P4607.jpg,inj
P4608.jpg,nalbun
P4609.jpg,inj
P4610.jpg,omeprazole
P4611.jpg,inj
P4612.jpg,napa
P4613.jpg,tab
P4614.jpg,ceevit
P4615.jpg,tab
P4616.jpg,xinc b
P4617.jpg,tab
P4618.jpg,histacin
P4619.jpg,diet
P4620.jpg,protein
P4621.jpg,high
P4622.jpg,diet
P4623.jpg,5% dns
P4624.jpg,inj
P4625.jpg,ceftazidime
P4626.jpg,inj
P4627.jpg,moxibac
P4628.jpg,inj
P4629.jpg,solupred
P4630.jpg,inj
P4631.jpg,clexane
P4632.jpg,inj
P4633.jpg,emistat
P4634.jpg,nalbun 2
P4635.jpg,inj
P4636.jpg,omep
P4637.jpg,inj
P4638.jpg,napa
P4639.jpg,ceevit
P4640.jpg,tab
P4641.jpg,ceevit
P4642.jpg,xinc b
P4643.jpg,histacin
P4644.jpg,nalepsin
P4645.jpg,cotson
P4646.jpg,diet
P4647.jpg,high
P4648.jpg,protein
P4649.jpg,diet
P4650.jpg,5% dns
P4651.jpg,meropenem
P4652.jpg,vancomycin
P4653.jpg,clindamycin
P4654.jpg,napa
P4655.jpg,nalbun 2
P4656.jpg,emistat
P4657.jpg,omeprazole
P4658.jpg,ceevit
P4659.jpg,xinc b
P4660.jpg,histacin
P4661.jpg,cabergol
P4662.jpg,coral cal
P4663.jpg,hici
P4664.jpg,windel plus
P4665.jpg,budicort
P4666.jpg,napa
P4667.jpg,supp
P4668.jpg,supp
P4669.jpg,voltalin
P4670.jpg,diet
P4671.jpg,high
P4672.jpg,protein
P4673.jpg,diet
P4674.jpg,o2 inhalation
P4675.jpg,meropenem
P4676.jpg,vancomycin
P4677.jpg,omeprazole
P4678.jpg,p/c
P4679.jpg,ceevit
P4680.jpg,xinc b
P4681.jpg,histacin
P4682.jpg,coral cal d
P4683.jpg,zif-ci
P4684.jpg,windel plus
P4685.jpg,budicort
P4686.jpg,supp
P4687.jpg,voltalin
P4688.jpg,napa
P4689.jpg,o2 inhalation
P4690.jpg,high
P4691.jpg,inj
P4692.jpg,zimax
P4693.jpg,napa
P4694.jpg,syp
P4695.jpg,napa
P4696.jpg,inj
P4697.jpg,Ceftriaxone
P4698.jpg,napa
P4699.jpg,kacin
P4700.jpg,meropenem
P4701.jpg,napa
P4702.jpg,protein
P4703.jpg,diet
P4704.jpg,5% dns
P4705.jpg,ceftazidime
P4706.jpg,clindacin
P4707.jpg,nalbun 2
P4708.jpg,emistat
P4709.jpg,omeprazole
P4710.jpg,histacin
P4711.jpg,xinc b
P4712.jpg,p/c
P4713.jpg,ceevit
P4714.jpg,supp
P4715.jpg,voltalin
P4716.jpg,high
P4717.jpg,diet
P4718.jpg,hansol
P4719.jpg,hansol
P4720.jpg,ceftazidime
P4721.jpg,nalbun 2
P4722.jpg,emistat
P4723.jpg,omep
P4724.jpg,histacin
P4725.jpg,xinc b
P4726.jpg,p/c
P4727.jpg,ceevit
P4728.jpg,supp
P4729.jpg,voltalin
P4730.jpg,5% dns
P4731.jpg,trum-3
P4732.jpg,kacin
P4733.jpg,solupred
P4734.jpg,omep
P4735.jpg,renova
P4736.jpg,nalbun 2
P4737.jpg,xinc b
P4738.jpg,histal
P4739.jpg,cabretol cr
P4740.jpg,diet
P4741.jpg,high
P4742.jpg,protein
P4743.jpg,diet
P4744.jpg,megaba
P4745.jpg,clindamycin
P4746.jpg,napa
P4747.jpg,flamex
P4748.jpg,omeprazole
P4749.jpg,ceevit
P4750.jpg,xinc b
P4751.jpg,histacin
P4752.jpg,voltalin
P4753.jpg,windel plus
P4754.jpg,budicort
P4755.jpg,5% dns
P4756.jpg,trum-3
P4757.jpg,levofloxacin
P4758.jpg,omeprazole
P4759.jpg,emistat
P4760.jpg,nalbun 2
P4761.jpg,napa
P4762.jpg,solupred
P4763.jpg,solupred
P4764.jpg,vasco
P4765.jpg,xinc b
P4766.jpg,histal
P4767.jpg,cabretol cr
P4768.jpg,t-mycin
P4769.jpg,ointment
P4770.jpg,drop
P4771.jpg,mucolyt
P4772.jpg,windel plus
P4773.jpg,nebulization
P4774.jpg,budicort
P4775.jpg,optimox
P4776.jpg,albutein
P4777.jpg,diet
P4778.jpg,high
P4779.jpg,protein
P4780.jpg,diet
P4781.jpg,5% dns
P4782.jpg,aeropen
P4783.jpg,clindacin
P4784.jpg,nalbun 2
P4785.jpg,emistat
P4786.jpg,omeprazole
P4787.jpg,xinc b
P4788.jpg,histacin
P4789.jpg,voltalin
P4790.jpg,supp
P4791.jpg,diet
P4792.jpg,ceftazidime
P4793.jpg,clindacin
P4794.jpg,nalbun
P4795.jpg,emistat
P4796.jpg,omep
P4797.jpg,napa
P4798.jpg,ceevit
P4799.jpg,xinc b
P4800.jpg,histacin
P4801.jpg,meropen
P4802.jpg,clindacin
P4803.jpg,histal
P4804.jpg,vasco
P4805.jpg,xinc b
P4806.jpg,emistat
P4807.jpg,nalbun
P4808.jpg,diet
P4809.jpg,liberts
P4810.jpg,meropen
P4811.jpg,clindacin
P4812.jpg,reset
P4813.jpg,histal
P4814.jpg,vasco
P4815.jpg,xinc 
P4816.jpg,nalbun-1
P4817.jpg,emistat
P4818.jpg,voltalin
P4819.jpg,diet
P4820.jpg,high
P4821.jpg,protein
P4822.jpg,libott
P4823.jpg,meropen
P4824.jpg,omeprazole
P4825.jpg,emistat
P4826.jpg,nalbun-1
P4827.jpg,napa
P4828.jpg,vasco
P4829.jpg,xinc b
P4830.jpg,histal
P4831.jpg,o2 inhalation
P4832.jpg,nebulization
P4833.jpg,windel plus
P4834.jpg,budicort
P4835.jpg,clindacin
P4836.jpg,liberts
P4837.jpg,Cefuroxime
P4838.jpg,omep
P4839.jpg,nalbun-1
P4840.jpg,emistat
P4841.jpg,windel plus
P4842.jpg,histal
P4843.jpg,vasco
P4844.jpg,xinc b
P4845.jpg,diet
P4846.jpg,high
P4847.jpg,protein
P4848.jpg,liberts
P4849.jpg,Cefuroxime
P4850.jpg,omep
P4851.jpg,nalbun-2.1
P4852.jpg,emistat
P4853.jpg,high
P4854.jpg,protein
P4855.jpg,meropen
P4856.jpg,liberts
P4857.jpg,napa
P4858.jpg,cosec
P4859.jpg,nalbun-1
P4860.jpg,emistat
P4861.jpg,vasco
P4862.jpg,xinc b
P4863.jpg,histal
P4864.jpg,meropenem
P4865.jpg,moxibac
P4866.jpg,omeprazole
P4867.jpg,nalbun-2
P4868.jpg,emistat
P4869.jpg,napa
P4870.jpg,xinc
P4871.jpg,ointment
P4872.jpg,voltalin
P4873.jpg,meropenem
P4874.jpg,nalbun-2
P4875.jpg,atlin
P4876.jpg,histacin
P4877.jpg,xinc b
P4878.jpg,ceevit
P4879.jpg,windel plus
P4880.jpg,budicort
P4881.jpg,nebulization
P4882.jpg,renova
P4883.jpg,nalbun 2
P4884.jpg,emistat
P4885.jpg,napa
P4886.jpg,histacin
P4887.jpg,xinc b
P4888.jpg,windel plus
P4889.jpg,budicort
P4890.jpg,nebulization
P4891.jpg,voltalin
P4892.jpg,nalbun 2
P4893.jpg,emistat
P4894.jpg,high
P4895.jpg,protein
P4896.jpg,omep
P4897.jpg,nalbun 2
P4898.jpg,emistat
P4899.jpg,xinc b
P4900.jpg,ceevit
P4901.jpg,histacin
P4902.jpg,nalbun 2
P4903.jpg,emistat
P4904.jpg,omeprazole
P4905.jpg,napa
P4906.jpg,ceevit
P4907.jpg,xinc b
P4908.jpg,histacin
P4909.jpg,o2 inhalation
P4910.jpg,windel plus
P4911.jpg,budicort
P4912.jpg,ointment
P4913.jpg,voltalin
P4914.jpg,5% dns
P4915.jpg,ceftazidime
P4916.jpg,nalbun 2
P4917.jpg,emistat
P4918.jpg,omeprazole
P4919.jpg,napa
P4920.jpg,solupred
P4921.jpg,clexane
P4922.jpg,ceevit
P4923.jpg,xinc b
P4924.jpg,histacin
P4925.jpg,nebulization
P4926.jpg,windel plus
P4927.jpg,budicort
P4928.jpg,mefanide
P4929.jpg,bactrocin
P4930.jpg,ointment
P4931.jpg,voltalin
P4932.jpg,supp
P4933.jpg,o2 inhalation
P4934.jpg,ceftriaxone
P4935.jpg,protein
P4936.jpg,filnet
P4937.jpg,napa
P4938.jpg,nexpro
P4939.jpg,onaseron
P4940.jpg,xinc b
P4941.jpg,vasco
P4942.jpg,toco
P4943.jpg,napa
P4944.jpg,xinc b
P4945.jpg,histacin
P4946.jpg,meropen 
P4947.jpg,nalbun 2
P4948.jpg,emistat
P4949.jpg,omep
P4950.jpg,p/c
P4951.jpg,histacin
P4952.jpg,xinc
P4953.jpg,ceevit
P4954.jpg,supp
P4955.jpg,voltalin
P4956.jpg,supp
P4957.jpg,napa
P4958.jpg,ascoson
P4959.jpg,5% dns
P4960.jpg,napa
P4961.jpg,maxpro
P4962.jpg,onaseron
P4963.jpg,xinc b
P4964.jpg,vasco
P4965.jpg,histal
P4966.jpg,toco
P4967.jpg,ceftriaxone
P4968.jpg,ceftriaxone
P4969.jpg,nalbun 2
P4970.jpg,emistat
P4971.jpg,omeprazole
P4972.jpg,voltalin
P4973.jpg,metro
P4974.jpg,tab
P4975.jpg,renova
P4976.jpg,ceevit
P4977.jpg,xinc b
P4978.jpg,normal
P4979.jpg,ceftriaxone
P4980.jpg,omeprazole
P4981.jpg,metro
P4982.jpg,renova
P4983.jpg,linax plus
P4984.jpg,ceevit
P4985.jpg,xinc b
P4986.jpg,napa
P4987.jpg,nalbun 2
P4988.jpg,emistat
P4989.jpg,omeprazole
P4990.jpg,voltalin
P4991.jpg,xinc b
P4992.jpg,histacin
P4993.jpg,ceevit
P4994.jpg,linax plus
P4995.jpg,amdoral
P4996.jpg,diet
P4997.jpg,osec
P4998.jpg,napa
P4999.jpg,amdocal
P5000.jpg,linax plus
P5001.jpg,histacin
P5002.jpg,xinc b
P5003.jpg,vasco
P5004.jpg,voltalin
P5005.jpg,diet
P5006.jpg,diabetic
P5007.jpg,diet
P5008.jpg,cefaclav
P5009.jpg,p/c
P5010.jpg,xinc b
P5011.jpg,histacin
P5012.jpg,ceevit
P5013.jpg,linux plus
P5014.jpg,amdocal
P5015.jpg,tab
P5016.jpg,apedra sr
P5017.jpg,v-cal-2
P5018.jpg,nexe mvs
P5019.jpg,dulox
P5020.jpg,metaconil
P5021.jpg,Neuroxen
P5022.jpg,tryptin
P5023.jpg,nexe mups
P5024.jpg,clarin
P5025.jpg,acron
P5026.jpg,doxva
P5027.jpg,t-mahon
P5028.jpg,mucolyt
P5029.jpg,betaloc
P5030.jpg,nexe
P5031.jpg,anadol
P5032.jpg,algin
P5033.jpg,kacin
P5034.jpg,emi-xit
P5035.jpg,nexe
P5036.jpg,don-a
P5037.jpg,napa
P5038.jpg,nexe
P5039.jpg,coral
P5040.jpg,monas
P5041.jpg,napa
P5042.jpg,nexe
P5043.jpg,rupa
P5044.jpg,nexe
P5045.jpg,coral rd
P5046.jpg,xinc b
P5047.jpg,texit
P5048.jpg,rotalac
P5049.jpg,coral-dx
P5050.jpg,texit
P5051.jpg,alafix
P5052.jpg,texit
P5053.jpg,alafix
P5054.jpg,monfast
P5055.jpg,esmax
P5056.jpg,Clavutil
P5057.jpg,vasco
P5058.jpg,loxodol
P5059.jpg,normanal
P5060.jpg,nexe
P5061.jpg,loxodol
P5062.jpg,nexe
P5063.jpg,texit
P5064.jpg,exium
P5065.jpg,abicon max
P5066.jpg,visnon
P5067.jpg,flux
P5068.jpg,nexe
P5069.jpg,top
P5070.jpg,alcet
P5071.jpg,napa one
P5072.jpg,criptin
P5073.jpg,rivotril
P5074.jpg,denvar
P5075.jpg,flux
P5076.jpg,nexe
P5077.jpg,napa one
P5078.jpg,top
P5079.jpg,alcet
P5080.jpg,criptin
P5081.jpg,sckoria
P5082.jpg,nexe
P5083.jpg,vaxitet
P5084.jpg,f lubre
P5085.jpg,prompton
P5086.jpg,domin
P5087.jpg,fimix
P5088.jpg,telmacal
P5089.jpg,amilin
P5090.jpg,oxycol
P5091.jpg,menofemin
P5092.jpg,deflaxen
P5093.jpg,bilaxe
P5094.jpg,vonocab
P5095.jpg,anustat
P5096.jpg,ointment
P5097.jpg,candifast
P5098.jpg,bilaxe
P5099.jpg,dexnaaf
P5100.jpg,cbc
P5101.jpg,rbc
P5102.jpg,rolac
P5103.jpg,corox
P5104.jpg,nexe
P5105.jpg,algin
P5106.jpg,trodolin
P5107.jpg,emistat
P5108.jpg,5% dns
P5109.jpg,tajenta
P5110.jpg,diaryl
P5111.jpg,bilaxe
P5112.jpg,deflaxen
P5113.jpg,vonocab
P5114.jpg,kinate
P5115.jpg,nerrion
P5116.jpg,esmax
P5117.jpg,napa
P5118.jpg,nexe
P5119.jpg,emixef
P5120.jpg,phylopen
P5121.jpg,emep
P5122.jpg,torax
P5123.jpg,fixgut
P5124.jpg,ceevit
P5125.jpg,lactomore
P5126.jpg,clonapex
P5127.jpg,voltalin
P5128.jpg,nexe
P5129.jpg,fixocard
P5130.jpg,nexe
P5131.jpg,soluprud
P5132.jpg,ornopain
P5133.jpg,becobion
P5134.jpg,voxbone
P5135.jpg,loba-g
P5136.jpg,nexe mups
P5137.jpg,nexe
P5138.jpg,nexe
P5139.jpg,rolac
P5140.jpg,xamic
P5141.jpg,emistat
P5142.jpg,metro
P5143.jpg,paveset
P5144.jpg,glysup
P5145.jpg,nexe mups
P5146.jpg,napa one
P5147.jpg,norium
P5148.jpg,fexo
P5149.jpg,valix CR
P5150.jpg,mofigut
P5151.jpg,clavutil
P5152.jpg,k2cal
P5153.jpg,texit
P5154.jpg,texit
P5155.jpg,xinc
P5156.jpg,esonix
P5157.jpg,torax
P5158.jpg,fixgut
P5159.jpg,alix
P5160.jpg,ceevit
P5161.jpg,lactomore
P5162.jpg,relentus
P5163.jpg,texit
P5164.jpg,doxiva
P5165.jpg,monfast
P5166.jpg,ambrox
P5167.jpg,esmax
P5168.jpg,napa
P5169.jpg,vasco
P5170.jpg,texit
P5171.jpg,monfast
P5172.jpg,ambrox
P5173.jpg,esmax
P5174.jpg,texit
P5175.jpg,maxdol
P5176.jpg,fexocon
P5177.jpg,axon
P5178.jpg,diet
P5179.jpg,pronex mups
P5180.jpg,torax
P5181.jpg,fixgut
P5182.jpg,lactomore
P5183.jpg,fuclav
P5184.jpg,phylopen
P5185.jpg,emep
P5186.jpg,torax
P5187.jpg,dmiden
P5188.jpg,diet
P5189.jpg,liquid
P5190.jpg,ornopain
P5191.jpg,solupred
P5192.jpg,premac
P5193.jpg,migo
P5194.jpg,becobion
P5195.jpg,voxbone
P5196.jpg,loba-g
P5197.jpg,nexe mups
P5198.jpg,flacol
P5199.jpg,nexe mups
P5200.jpg,torax
P5201.jpg,axon
P5202.jpg,flamyd
P5203.jpg,lactomore
P5204.jpg,nexe 
P5205.jpg,roclav
P5206.jpg,cabetool
P5207.jpg,nexe
P5208.jpg,nexe
P5209.jpg,nalbun 2
P5210.jpg,vergon
P5211.jpg,roxadex
P5212.jpg,algin
P5213.jpg,nexe
P5214.jpg,microgest
P5215.jpg,merrobe
P5216.jpg,nexe
P5217.jpg,exium
P5218.jpg,torax
P5219.jpg,emistat
P5220.jpg,clonapex
P5221.jpg,oricef
P5222.jpg,voltalin
P5223.jpg,faropen
P5224.jpg,esoral
P5225.jpg,rosv
P5226.jpg,fenisen
P5227.jpg,napa
P5228.jpg,nexe mups
P5229.jpg,pase
P5230.jpg,diet
P5231.jpg,liquid
P5232.jpg,afix
P5233.jpg,phylopen
P5234.jpg,torax
P5235.jpg,lanso max
P5236.jpg,fixgut
P5237.jpg,rechnol
P5238.jpg,lactomore
P5239.jpg,novonil
P5240.jpg,voltalin
P5241.jpg,fixgut
P5242.jpg,milam
P5243.jpg,supp
P5244.jpg,dextac
P5245.jpg,nexe mups
P5246.jpg,blomen
P5247.jpg,roclav
P5248.jpg,roclav
P5249.jpg,nexe
P5250.jpg,esmax
P5251.jpg,todol
P5252.jpg,nexe mups
P5253.jpg,myolax
P5254.jpg,xinc b
P5255.jpg,nexe 
P5256.jpg,nexe
P5257.jpg,esmax
P5258.jpg,maxdol
P5259.jpg,flamyd
P5260.jpg,lansomax
P5261.jpg,toradolin
P5262.jpg,omidon
P5263.jpg,ratnol
P5264.jpg,lactomore
P5265.jpg,clonapex
P5266.jpg,voltalin
P5267.jpg,supp
P5268.jpg,diet
P5269.jpg,liquid
P5270.jpg,etorac
P5271.jpg,nexe mups
P5272.jpg,nexe
P5273.jpg,gascon
P5274.jpg,xinc b
P5275.jpg,Rivotril
P5276.jpg,furonaaf
P5277.jpg,flurif
P5278.jpg,metro
P5279.jpg,esomix
P5280.jpg,indo
P5281.jpg,nexe mups
P5282.jpg,roclav
P5283.jpg,flemex
P5284.jpg,roclav
P5285.jpg,nexe
P5286.jpg,rolac
P5287.jpg,progut
P5288.jpg,axim cv
P5289.jpg,asynta
P5290.jpg,temo
P5291.jpg,glinta
P5292.jpg,montelon
P5293.jpg,ketoflax
P5294.jpg,filmet
P5295.jpg,dextac
P5296.jpg,apuldon
P5297.jpg,etorac
P5298.jpg,emep
P5299.jpg,torax
P5300.jpg,rectinol
P5301.jpg,texit
P5302.jpg,nuloc
P5303.jpg,maxdol
P5304.jpg,afix
P5305.jpg,ceevit
P5306.jpg,ostocal
P5307.jpg,nexe mups
P5308.jpg,napa
P5309.jpg,rolac
P5310.jpg,nexe
P5311.jpg,algecal
P5312.jpg,viset
P5313.jpg,myolax
P5314.jpg,nexe
P5315.jpg,pase
P5316.jpg,prechery
P5317.jpg,moxigram
P5318.jpg,montene
P5319.jpg,fexo
P5320.jpg,nexe mups
P5321.jpg,texit
P5322.jpg,texit
P5323.jpg,flamyd
P5324.jpg,purisal
P5325.jpg,tofen
P5326.jpg,toxit
P5327.jpg,alafix
P5328.jpg,monfast
P5329.jpg,texit
P5330.jpg,purisal
P5331.jpg,alafix
P5332.jpg,monfast
P5333.jpg,napa
P5334.jpg,Macrobac
P5335.jpg,nexe mups
P5336.jpg,nexe mups
P5337.jpg,napa
P5338.jpg,Macrobac
P5339.jpg,flamex
P5340.jpg,Macrobac
P5341.jpg,nexe mups
P5342.jpg,esmax
P5343.jpg,n-max
P5344.jpg,gavilac
P5345.jpg,esmax
P5346.jpg,x-dol
P5347.jpg,napa
P5348.jpg,nexe
P5349.jpg,texit
P5350.jpg,texit
P5351.jpg,alafix
P5352.jpg,docopa
P5353.jpg,monfast
P5354.jpg,ponsal
P5355.jpg,alafix
P5356.jpg,texit
P5357.jpg,texit
P5358.jpg,ostocal
P5359.jpg,bilaxe
P5360.jpg,vonocab
P5361.jpg,flux
P5362.jpg,nexe
P5363.jpg,ratinol
P5364.jpg,filmet
P5365.jpg,don-a
P5366.jpg,ceevit
P5367.jpg,torax
P5368.jpg,clonapex
P5369.jpg,etorix
P5370.jpg,raditil
P5371.jpg,ossica
P5372.jpg,esohil
P5373.jpg,nervion
P5374.jpg,bilaxe
P5375.jpg,flux
P5376.jpg,nexe
P5377.jpg,filmet
P5378.jpg,don-a
P5379.jpg,torax
P5380.jpg,clonapex
P5381.jpg,ceevit
P5382.jpg,voltalin
P5383.jpg,calboral
P5384.jpg,dextac
P5385.jpg,etorac
P5386.jpg,filmet
P5387.jpg,flux
P5388.jpg,ratinol
P5389.jpg,napa
P5390.jpg,motigut
P5391.jpg,nexe
P5392.jpg,novotril
P5393.jpg,aneobex
P5394.jpg,flamyd
P5395.jpg,voltalin
P5396.jpg,actilac
P5397.jpg,maxdol
P5398.jpg,esmax
P5399.jpg,maxdol
P5400.jpg,nexe
P5401.jpg,axim
P5402.jpg,phylopen
P5403.jpg,nexe mups
P5404.jpg,torax
P5405.jpg,fixgut
P5406.jpg,ceevit
P5407.jpg,relentus
P5408.jpg,revesf
P5409.jpg,clonapex
P5410.jpg,voltalin
P5411.jpg,supp
P5412.jpg,cefaclav
P5413.jpg,phylopen
P5414.jpg,emep
P5415.jpg,torax
P5416.jpg,omidon
P5417.jpg,ceevit
P5418.jpg,lactomore
P5419.jpg,clonapex
P5420.jpg,voltalin
P5421.jpg,afix
P5422.jpg,phylopen
P5423.jpg,nexe
P5424.jpg,torax
P5425.jpg,omidon
P5426.jpg,xyflo
P5427.jpg,lactomore
P5428.jpg,calboral
P5429.jpg,clonapex
P5430.jpg,voltalin
P5431.jpg,cefotil plus
P5432.jpg,fluclox
P5433.jpg,remmo
P5434.jpg,torax
P5435.jpg,apuldon
P5436.jpg,ceevit
P5437.jpg,lactomore
P5438.jpg,beklo
P5439.jpg,clonapex
P5440.jpg,voltalin
P5441.jpg,supp
P5442.jpg,pronex
P5443.jpg,torax
P5444.jpg,fixgut
P5445.jpg,ratinol
P5446.jpg,lactomore
P5447.jpg,clonapex
P5448.jpg,voltalin
P5449.jpg,supp
P5450.jpg,turboclav
P5451.jpg,phylopen
P5452.jpg,nexe mups
P5453.jpg,torax
P5454.jpg,omidon
P5455.jpg,ceevit
P5456.jpg,calboral
P5457.jpg,lactomore
P5458.jpg,clonapex
P5459.jpg,voltalin
P5460.jpg,clavutil
P5461.jpg,tarlica
P5462.jpg,voxbone
P5463.jpg,myolax
P5464.jpg,becobion
P5465.jpg,premac
P5466.jpg,methicap
P5467.jpg,febustat
P5468.jpg,voltalin
P5469.jpg,voxbone
P5470.jpg,miraba
P5471.jpg,neuro-b
P5472.jpg,fixgut
P5473.jpg,fixgut
P5474.jpg,moxibac
P5475.jpg,napa one
P5476.jpg,norium
P5477.jpg,fixalrt
P5478.jpg,loba-g
P5479.jpg,nexe mups
P5480.jpg,nintoin sr
P5481.jpg,nexe
P5482.jpg,normens
P5483.jpg,femotol
P5484.jpg,hpr ds
P5485.jpg,femotol
P5486.jpg,nexe
P5487.jpg,collagen-d
P5488.jpg,microgest 
P5489.jpg,algin
P5490.jpg,femotol
P5491.jpg,nexe
P5492.jpg,microgest 
P5493.jpg,algin
P5494.jpg,nexe mups
P5495.jpg,finix
P5496.jpg,nexe
P5497.jpg,nexe
P5498.jpg,nexe
P5499.jpg,nexe
P5500.jpg,texit
P5501.jpg,alafix
P5502.jpg,finix
P5503.jpg,nexe
P5504.jpg,nexe
P5505.jpg,nexe
P5506.jpg,nexe
P5507.jpg,denvar
P5508.jpg,flux
P5509.jpg,nexe
P5510.jpg,filmet
P5511.jpg,napa one
P5512.jpg,fixgut
P5513.jpg,clonapex
P5514.jpg,ceevit
P5515.jpg,voltalin
P5516.jpg,calboral
P5517.jpg,diet
P5518.jpg,liquid
P5519.jpg,axon
P5520.jpg,flamyd
P5521.jpg,nexe
P5522.jpg,torax
P5523.jpg,omidon
P5524.jpg,ratinol
P5525.jpg,lactomore
P5526.jpg,voltalin
P5527.jpg,oricef
P5528.jpg,diet
P5529.jpg,liquid
P5530.jpg,emep
P5531.jpg,torax
P5532.jpg,efodio
P5533.jpg,lactomore
P5534.jpg,ratinol
P5535.jpg,voltalin
P5536.jpg,supp
P5537.jpg,emep
P5538.jpg,ligazid
P5539.jpg,torax
P5540.jpg,exium
P5541.jpg,omidon
P5542.jpg,texit
P5543.jpg,tofen
P5544.jpg,purisal
P5545.jpg,artica
P5546.jpg,texit
P5547.jpg,monfast
P5548.jpg,monfast
P5549.jpg,ponsal
P5550.jpg,alafix
P5551.jpg,texit
P5552.jpg,texit
P5553.jpg,alafix
P5554.jpg,texit
P5555.jpg,texit
P5556.jpg,ansef
P5557.jpg,texit
P5558.jpg,lytex
P5559.jpg,gasnil
P5560.jpg,domin
P5561.jpg,texit
P5562.jpg,alafix
P5563.jpg,ponsal
P5564.jpg,gasnil
P5565.jpg,domin
P5566.jpg,texit
P5567.jpg,alafix
P5568.jpg,ponsal
P5569.jpg,texit
P5570.jpg,alafix
P5571.jpg,ponsal
P5572.jpg,monfast
P5573.jpg,roclav
P5574.jpg,napa
P5575.jpg,esmax
P5576.jpg,texit
P5577.jpg,nexe
P5578.jpg,nexe
